"Amaryllis","Argus vert","Azuré des nerpruns","Azuré porte-queue","Belle-Dame","Brun des pélargoniums","Carte géographique","Citrons","Demi-Deuil et Echiquiers","Flambés","Gazé","Grand Nacré et Tabac d'Espagne","Grande Tortue","Machaons","Mars changeants","Myrtil","Paon du jour","Petites Tortues","Procris","Robert le diable","Silène","Souci","Tircis","Tristan","Vulcain"
0,0,0,0,0,0,0,0,2,0,0,0,0,0,0,3,0,0,1,0,0,2,0,0,0
0,0,0,0,0,0,0,1,1,2,0,0,0,0,0,0,0,0,11,0,0,2,2,0,0
0,0,0,0,0,0,0,0,0,0,0,0,0,0,0,0,0,0,9,0,0,5,3,0,0
0,0,0,0,0,0,0,0,0,0,0,0,0,0,0,0,0,0,0,0,0,0,0,0,0
0,0,0,0,0,0,0,0,0,0,0,0,0,0,0,0,0,0,0,0,0,0,0,0,0
0,0,0,0,0,0,0,0,2,1,0,0,0,0,0,0,0,0,0,0,0,0,7,0,2
0,0,0,0,0,0,0,0,0,0,0,0,0,0,0,0,0,0,0,0,0,0,7,0,0
0,0,0,0,0,0,0,0,0,0,0,0,0,0,0,0,0,0,0,0,0,0,0,0,0
0,0,0,0,0,0,0,1,0,0,0,0,0,0,0,0,0,0,0,0,0,0,0,0,0
0,0,0,0,0,0,0,0,3,1,0,0,0,0,0,0,0,0,2,0,0,0,3,0,0
0,0,0,0,0,0,0,0,0,0,0,0,0,0,0,5,0,0,0,0,0,2,2,0,0
0,0,0,0,0,0,0,0,3,0,0,0,0,0,0,0,0,0,9,0,0,1,4,0,0
0,0,0,0,1,0,0,0,0,1,0,0,0,0,0,0,0,0,6,0,0,11,2,0,0
10,0,1,3,0,0,0,3,4,0,0,0,0,0,0,0,0,0,0,0,0,2,1,0,0
0,0,0,0,0,0,0,0,0,0,0,1,0,0,0,1,0,0,0,0,0,1,0,0,0
0,0,0,0,0,0,0,0,4,0,0,0,0,0,0,3,0,0,0,0,0,0,0,0,0
0,0,0,0,0,0,0,0,1,0,0,0,0,0,0,4,0,0,0,0,0,0,1,0,0
7,0,9,0,0,0,0,0,0,0,0,0,0,0,0,2,1,0,0,0,0,0,6,0,0
0,0,3,0,1,0,0,0,0,0,0,0,0,0,0,0,0,0,0,0,0,1,1,0,0
0,0,1,0,0,0,0,0,0,0,0,0,0,0,0,55,1,0,0,0,1,9,0,0,0
0,0,1,0,0,0,0,0,0,0,0,0,0,0,0,14,0,0,0,0,0,0,3,1,0
1,0,0,0,0,0,0,1,0,0,0,0,0,0,0,12,0,0,0,0,0,0,3,0,1
0,0,0,0,0,0,0,1,0,0,0,0,0,0,0,3,0,0,0,0,0,0,1,0,1
11,0,0,0,1,0,0,0,0,0,0,0,0,0,0,1,0,0,0,0,0,0,4,0,1
4,0,0,0,0,0,0,0,0,0,0,0,0,0,0,2,0,0,0,0,0,0,0,0,0
0,0,0,0,0,0,0,0,0,0,0,0,0,0,0,0,0,0,0,0,0,0,0,0,0
0,0,0,0,0,0,0,1,0,0,0,0,0,0,0,0,0,0,0,0,0,0,0,0,0
0,0,0,0,0,0,0,0,0,0,0,0,0,0,0,5,0,0,0,0,0,0,0,0,5
2,0,0,0,0,0,0,0,0,0,0,0,0,3,0,3,0,0,0,0,0,0,0,0,1
8,0,0,0,0,0,0,0,0,0,0,0,0,0,0,35,0,2,0,0,0,0,1,0,3
0,0,0,0,1,0,0,0,0,0,0,0,0,0,0,7,0,0,0,0,0,5,0,0,0
0,0,0,0,6,0,0,0,2,0,0,0,0,0,0,76,0,0,0,0,0,0,0,0,2
0,0,0,0,0,0,0,0,0,0,0,0,0,0,0,19,0,0,0,0,0,0,0,0,0
0,0,0,0,2,0,0,0,0,0,0,0,0,0,0,1,0,0,0,0,0,0,0,0,0
0,0,0,0,0,0,0,0,1,0,0,0,0,0,0,2,0,0,1,0,0,0,0,0,1
1,0,0,0,0,0,0,0,0,0,0,0,0,0,0,0,0,0,0,0,0,0,3,0,0
4,0,0,0,0,0,0,3,0,0,0,0,0,0,0,3,0,0,0,0,0,0,4,0,0
5,0,0,0,0,0,0,0,0,0,0,0,0,0,0,0,0,0,0,0,0,1,1,0,0
0,0,0,0,0,0,0,0,0,0,0,0,0,0,0,0,0,2,0,0,0,0,0,0,1
6,0,0,0,0,0,0,0,0,0,0,0,0,0,0,6,0,0,0,0,0,0,0,0,1
12,0,0,0,7,0,0,0,0,0,0,0,0,1,0,103,3,1,0,0,0,0,0,0,4
0,0,0,0,0,0,0,0,0,0,0,0,0,0,0,0,0,0,1,0,0,0,0,0,0
0,0,0,0,0,0,0,0,2,0,0,0,0,0,0,1,0,0,5,0,0,0,0,0,0
0,0,0,0,0,0,0,0,0,0,0,0,0,0,0,1,0,0,0,0,0,0,8,0,0
3,0,0,0,0,0,0,0,0,0,0,0,0,0,0,12,0,0,0,0,0,0,0,0,1
0,0,1,0,0,0,0,0,4,0,0,0,0,0,0,0,0,0,3,0,0,0,0,0,0
0,0,0,0,0,0,0,0,0,1,0,0,0,0,0,2,0,0,1,0,0,1,0,0,0
0,0,0,0,0,0,0,0,0,0,0,0,0,0,0,0,0,0,0,0,0,0,0,0,3
0,0,0,0,0,0,0,0,0,0,0,0,0,0,0,0,0,0,0,0,0,0,2,0,0
3,0,0,0,0,0,0,0,0,0,0,0,0,0,0,1,1,0,0,0,0,0,3,0,0
0,0,0,0,0,0,0,0,0,0,0,0,0,0,0,0,0,0,0,0,0,0,0,0,0
0,0,0,0,0,1,0,0,0,0,0,0,0,0,0,0,0,0,0,0,0,0,0,0,0
1,0,0,0,0,0,0,0,0,0,0,0,0,1,1,0,0,0,2,0,0,0,0,0,0
0,0,0,0,0,0,0,0,0,1,0,0,0,0,1,0,0,0,4,0,0,0,0,0,0
0,0,1,0,0,0,0,0,0,0,0,0,0,0,0,0,0,0,0,0,0,0,0,0,0
1,0,0,0,0,0,0,0,0,0,0,0,0,0,0,0,0,0,0,0,0,0,0,0,1
0,0,0,0,0,3,0,0,0,0,0,0,0,0,0,0,0,0,2,0,0,0,0,0,0
0,0,0,0,0,0,0,0,0,0,0,0,0,0,0,0,0,0,0,0,0,0,0,0,0
0,0,0,0,0,3,0,0,0,0,0,0,0,0,0,0,0,0,0,0,0,0,0,0,0
0,0,0,0,0,0,0,0,0,0,0,0,0,0,0,1,0,0,0,0,0,2,0,0,0
0,0,0,0,0,0,0,1,7,0,0,0,0,1,0,0,0,0,0,0,0,0,0,0,0
0,0,0,0,0,0,0,0,1,0,0,0,0,0,0,0,0,0,0,0,0,0,0,0,0
0,0,0,0,0,0,0,0,7,0,0,0,0,0,0,1,0,0,0,0,0,0,0,0,1
0,0,0,0,0,0,0,0,0,0,0,0,0,0,0,0,0,0,0,0,0,0,0,0,0
0,0,0,0,0,0,0,0,0,0,0,0,0,0,0,0,0,0,0,0,0,0,0,0,0
0,0,0,0,0,0,0,0,0,0,0,0,0,0,0,0,0,0,0,0,0,0,0,0,0
0,0,0,0,0,0,0,0,0,0,0,0,0,0,0,0,0,0,0,1,0,0,3,0,1
0,0,0,0,0,0,0,0,0,0,2,0,2,0,0,0,0,0,0,0,0,0,0,2,0
0,0,0,0,0,0,0,0,1,0,0,0,0,0,0,0,0,0,1,0,0,0,0,1,0
0,0,0,0,0,0,0,0,3,0,0,0,0,0,0,1,0,0,4,0,0,1,1,0,0
2,0,2,2,0,0,0,0,27,0,0,1,0,0,0,5,0,0,0,0,0,0,1,0,0
0,0,0,0,1,0,0,0,0,0,0,0,0,0,0,2,0,0,4,0,0,0,0,0,0
0,0,0,0,0,0,0,0,0,0,0,0,0,0,0,1,0,0,1,0,0,0,0,0,1
0,0,0,0,0,0,0,0,0,0,0,0,0,0,0,1,0,0,0,2,0,0,0,0,1
0,0,1,0,0,0,0,0,1,0,0,0,0,0,0,0,0,0,1,0,0,0,0,0,0
10,0,0,0,1,0,0,1,2,0,0,0,0,0,0,1,0,0,0,0,0,0,0,0,0
0,0,0,0,0,0,0,0,10,0,0,0,0,0,0,1,1,0,1,0,0,0,0,0,0
3,0,0,0,0,0,0,0,2,0,0,0,0,0,0,0,0,0,0,0,0,0,1,0,0
0,0,0,0,0,0,0,0,0,0,0,0,0,0,0,0,0,0,0,0,0,0,0,0,1
0,0,0,0,0,0,0,0,0,0,0,0,0,0,0,0,1,0,1,0,0,0,6,0,0
0,0,0,0,0,0,0,0,0,0,0,0,0,0,0,0,0,0,0,0,0,0,0,0,0
1,0,0,0,0,0,0,0,0,0,0,0,0,0,0,5,0,0,0,0,0,0,12,0,28
0,0,0,0,0,0,0,0,0,0,0,0,0,0,0,36,0,0,4,0,0,0,1,0,0
0,0,0,0,0,0,0,0,13,0,0,0,0,0,0,0,0,0,2,0,0,0,0,0,0
4,0,0,0,0,0,0,0,3,0,0,0,0,0,0,0,0,0,0,0,0,0,2,0,0
16,0,6,0,0,0,0,1,0,0,0,0,0,0,0,33,0,1,0,0,0,0,3,0,2
0,0,0,0,0,0,0,0,0,0,0,0,0,0,0,4,0,0,0,0,0,0,0,0,1
15,0,4,0,0,0,0,0,0,0,0,0,0,0,0,4,0,0,0,0,0,0,3,4,6
0,0,0,0,0,0,0,0,0,0,0,0,0,0,0,0,0,0,6,0,0,0,0,0,1
9,0,0,0,0,0,0,1,0,0,0,0,0,0,0,1,0,1,0,0,0,0,0,0,0
2,0,0,0,1,0,0,0,0,0,0,0,0,0,0,14,0,0,0,0,0,0,0,5,0
1,0,1,0,0,0,0,0,1,0,0,0,0,0,0,6,1,0,4,0,0,0,0,0,0
0,0,3,0,0,0,0,0,0,0,0,0,0,0,0,4,0,0,3,0,0,2,1,0,0
2,0,0,0,3,0,0,0,0,0,0,0,0,0,0,3,0,0,4,0,0,0,0,1,0
0,0,0,0,0,0,0,0,0,0,0,0,0,0,0,3,0,0,14,0,0,2,0,0,1
0,0,0,0,0,0,0,0,0,0,0,0,0,0,0,0,0,0,0,0,0,0,0,0,1
0,0,0,0,0,0,0,0,0,0,0,0,0,0,1,1,0,0,0,0,0,0,1,0,1
0,0,0,0,0,0,0,0,0,0,0,0,0,0,0,0,2,0,0,1,0,0,7,0,0
0,0,1,0,0,0,0,0,0,0,0,0,0,0,0,1,0,0,0,0,0,0,5,0,0
0,0,0,0,0,0,0,0,0,0,0,0,0,0,0,0,0,0,0,0,0,0,5,0,4
0,0,3,0,0,0,0,2,28,0,0,1,0,0,0,15,0,0,0,1,0,0,1,0,0
5,0,1,0,0,0,0,1,26,0,0,0,0,0,0,24,0,0,0,1,0,0,1,0,0
0,0,0,0,0,0,0,0,1,0,0,0,0,0,0,14,0,0,0,1,0,1,0,0,1
0,0,0,0,0,0,0,1,21,0,0,1,0,0,0,15,1,0,0,0,0,0,2,0,0
0,0,4,0,0,0,0,1,8,1,0,0,0,0,0,9,0,0,0,2,0,0,2,0,0
4,0,6,0,0,0,0,1,19,0,0,1,0,0,1,10,0,0,0,1,0,0,2,0,0
0,0,0,0,0,0,0,0,26,0,0,0,0,0,0,26,0,0,0,0,0,0,0,0,0
4,0,1,0,0,0,0,0,24,1,0,0,0,0,0,36,1,0,0,0,0,0,0,0,0
0,0,0,0,0,0,0,2,32,0,0,0,0,0,0,10,0,0,1,0,0,2,0,0,0
0,0,1,0,1,0,0,0,6,0,0,0,0,0,0,12,0,0,0,0,0,2,0,0,0
0,0,0,0,0,0,0,5,36,0,0,0,0,0,0,15,0,0,0,0,0,0,1,0,0
3,0,2,0,0,2,0,0,20,0,0,0,0,0,0,16,0,0,0,1,0,0,0,0,0
0,0,1,0,0,0,0,1,27,0,0,0,0,0,0,19,0,0,0,0,0,0,0,0,0
0,0,2,0,0,0,0,0,19,0,0,1,0,0,0,15,0,0,0,1,0,0,1,0,0
2,0,0,0,0,0,0,0,19,0,0,1,0,0,0,22,0,0,0,4,0,0,3,0,0
0,0,0,0,0,0,0,0,12,0,1,0,0,0,0,19,1,0,0,2,0,0,2,0,0
0,0,2,0,0,0,0,0,16,0,0,0,0,0,0,15,0,0,0,0,0,0,0,0,0
0,0,0,0,0,0,0,0,13,0,0,1,0,0,0,7,0,0,0,0,0,1,0,0,0
0,0,0,0,0,0,0,0,14,0,0,0,0,0,0,18,0,0,0,2,0,0,0,0,0
2,0,0,0,0,0,0,1,17,1,0,1,0,0,0,16,0,0,0,1,0,0,2,0,2
0,0,0,0,0,0,0,0,5,0,0,0,0,0,0,3,0,0,1,2,0,0,0,0,0
0,0,0,0,0,0,0,0,0,0,0,2,0,0,0,6,0,0,0,1,0,0,0,0,1
0,0,0,0,0,0,0,0,3,0,0,5,0,0,0,9,0,0,0,1,0,0,0,0,1
0,0,0,0,1,0,0,0,0,0,0,0,0,0,0,7,0,0,0,0,0,4,0,0,0
0,0,3,0,0,0,0,2,10,1,0,0,0,0,0,18,0,0,2,2,0,0,1,0,0
0,0,0,0,0,0,0,0,7,0,0,0,0,0,0,12,0,0,0,3,0,0,1,0,2
0,0,1,0,0,0,0,0,8,0,0,0,0,0,0,1,0,0,0,1,0,0,0,0,0
0,0,1,0,0,0,0,0,4,2,0,0,0,0,0,14,0,0,0,1,0,0,0,0,0
0,0,0,0,0,0,0,1,4,0,0,0,0,0,0,3,1,0,0,2,0,0,1,0,0
0,0,0,0,1,0,0,0,1,0,0,0,0,0,0,10,0,0,1,2,0,1,2,0,0
1,0,0,0,0,0,0,0,7,0,0,0,0,0,0,3,0,0,0,0,0,0,0,0,0
1,0,0,0,0,0,0,0,6,0,0,0,0,0,0,14,0,0,2,0,0,1,3,0,0
1,1,0,0,0,0,0,0,19,0,0,0,0,0,0,15,1,0,11,0,0,0,0,0,0
0,0,0,0,0,0,0,0,3,3,0,0,0,0,0,7,0,0,0,1,0,0,0,0,0
1,0,0,0,0,0,0,1,21,0,0,0,0,0,0,20,0,0,1,0,0,0,0,0,0
0,0,0,0,0,0,0,0,10,0,1,0,0,0,0,17,0,1,6,0,0,4,1,0,0
9,0,0,0,1,0,1,1,33,0,0,0,0,0,1,19,1,0,6,1,0,0,0,0,0
0,0,1,0,0,0,0,0,2,0,0,0,0,0,0,7,0,0,0,0,0,0,0,0,0
4,0,0,0,0,0,0,0,2,2,0,0,0,0,0,11,0,0,10,0,0,1,2,0,0
0,0,1,0,0,0,0,2,13,0,0,0,0,0,0,5,1,0,0,3,0,0,0,0,0
0,0,0,0,0,0,0,0,4,1,0,0,0,0,0,2,0,0,0,8,0,0,0,0,0
1,0,0,0,0,0,0,0,0,0,0,0,0,0,0,2,4,0,0,1,0,0,0,0,1
0,0,0,0,0,0,0,0,0,0,0,0,0,0,0,2,3,0,0,3,0,2,0,0,0
0,0,0,0,0,0,0,0,9,1,0,0,0,0,4,5,2,0,1,6,0,0,0,0,2
0,0,2,0,0,0,0,1,0,0,0,0,0,0,0,3,1,0,0,2,0,0,1,0,0
1,0,1,0,0,0,0,0,1,0,0,0,0,0,0,8,0,0,0,6,0,0,2,0,4
5,0,0,0,0,0,0,0,0,0,0,0,0,0,0,28,0,0,1,0,0,0,0,1,0
1,0,4,0,0,0,0,0,0,0,0,0,0,0,0,5,0,0,0,0,0,0,0,9,2
0,0,0,0,0,0,0,0,0,0,0,0,0,0,0,34,0,4,0,0,0,0,1,0,0
0,0,2,0,0,0,0,0,0,0,0,0,0,0,0,0,0,0,20,1,0,0,0,0,1
0,0,0,0,0,0,0,0,0,0,0,0,0,0,0,13,3,0,8,0,0,0,0,0,2
8,0,0,0,0,0,0,0,0,0,0,0,0,0,0,17,0,0,18,0,0,0,0,0,0
0,0,0,0,0,0,0,0,0,0,0,0,0,0,0,14,0,0,0,0,0,0,3,14,2
3,0,3,0,0,0,0,0,1,0,0,0,0,0,0,3,0,0,1,0,0,0,0,0,0
5,0,7,0,0,0,0,0,1,0,0,0,0,0,0,0,0,0,6,0,0,2,0,0,3
1,0,2,0,0,0,0,0,0,0,0,0,0,0,0,7,1,0,9,0,0,2,3,0,0
10,0,3,0,0,0,0,0,0,0,0,0,0,3,0,11,1,0,19,2,0,0,0,0,0
6,0,0,0,0,0,0,0,0,0,0,0,0,0,0,12,0,0,42,0,0,0,0,0,3
0,0,0,0,0,0,0,1,0,0,0,0,0,0,0,2,0,0,0,0,0,0,1,0,0
0,0,0,0,0,0,0,0,0,0,0,0,0,0,0,10,0,0,1,0,0,0,0,0,0
0,0,0,0,0,0,0,0,0,0,0,0,0,0,0,1,0,0,8,0,0,0,0,0,0
0,0,0,0,0,0,0,0,0,0,0,0,0,0,0,11,0,0,9,0,0,0,0,0,0
25,0,0,0,0,0,0,0,43,0,0,0,0,0,0,29,0,0,11,0,1,0,0,0,0
1,0,0,0,0,0,0,0,1,0,0,0,0,0,0,14,0,0,3,0,0,0,0,0,0
15,0,0,0,0,0,0,0,9,0,0,0,0,0,0,14,0,0,10,0,0,0,0,0,0
5,0,0,0,0,0,0,0,14,0,0,0,0,0,0,19,0,0,4,0,0,0,0,0,0
31,0,0,0,0,0,0,0,6,0,0,0,0,0,0,24,0,0,0,0,0,0,0,0,0
4,0,0,0,0,0,0,0,7,0,0,0,0,0,0,16,0,0,8,1,0,1,0,0,0
1,0,1,0,0,0,0,0,1,0,0,0,0,0,0,6,0,0,1,0,0,0,0,0,0
5,0,0,0,0,0,0,0,11,0,0,0,0,0,0,64,0,0,5,0,0,0,0,0,0
2,0,0,0,0,0,0,0,41,1,0,0,0,0,0,19,1,0,12,0,0,0,0,0,0
7,0,0,0,0,0,0,0,6,0,0,0,0,0,0,18,0,0,1,0,0,0,0,0,0
20,0,0,0,0,0,0,0,1,1,0,0,0,0,0,23,0,0,0,0,0,0,0,0,0
10,0,0,0,0,0,0,0,0,0,0,0,0,0,0,6,0,0,0,0,0,0,0,0,0
0,0,0,0,0,0,0,0,0,0,0,0,0,0,0,2,0,0,0,0,5,9,1,0,0
0,0,0,0,0,0,0,0,0,0,0,0,0,0,0,2,0,0,0,0,5,9,1,0,0
0,0,0,0,0,0,0,0,0,0,0,0,0,0,0,0,0,0,0,0,0,0,1,0,0
0,0,0,0,0,0,0,1,0,0,0,0,0,0,0,0,0,0,0,0,0,2,0,0,0
0,0,0,0,0,0,0,0,4,0,0,0,0,0,0,2,0,0,0,0,0,2,0,0,0
20,0,0,0,0,0,0,0,0,0,0,1,0,0,0,48,0,0,5,0,0,0,1,0,0
0,0,0,0,0,0,0,0,2,0,0,0,0,0,0,8,0,0,10,0,0,2,0,0,0
1,0,0,0,0,0,0,0,0,0,0,0,0,0,0,11,0,0,4,0,0,0,0,0,0
15,0,0,0,0,0,0,0,0,0,0,0,0,0,0,0,0,0,0,0,0,0,0,0,0
21,0,0,0,0,0,0,0,0,0,0,0,0,0,0,4,0,0,1,0,0,0,3,0,2
3,0,0,0,0,0,0,1,0,0,0,0,0,0,0,11,0,1,6,0,0,0,0,0,2
0,0,4,0,1,0,0,0,0,0,0,0,0,0,0,2,0,0,5,0,0,0,0,0,0
0,0,4,0,0,0,0,0,0,0,0,0,0,0,0,3,0,0,6,0,0,0,0,0,1
0,0,0,0,0,0,0,0,0,0,0,0,0,0,0,0,3,0,6,0,0,0,1,0,8
1,0,2,0,0,0,0,0,0,0,0,0,0,0,0,0,0,0,6,0,0,0,0,0,6
0,0,0,0,0,0,0,0,0,0,0,0,0,0,0,4,0,0,38,0,0,0,0,0,3
1,0,2,0,0,0,0,0,0,0,0,4,0,0,0,3,0,0,0,0,0,0,2,5,0
0,0,3,0,0,0,0,0,0,0,0,0,0,0,0,0,2,0,0,2,0,0,3,0,0
2,0,2,0,0,0,0,0,0,0,0,0,0,0,0,23,0,0,0,0,0,0,0,0,0
0,0,12,0,0,0,0,0,0,0,0,0,0,0,0,2,4,0,4,0,0,0,10,0,1
2,0,5,0,0,0,0,0,0,0,0,0,0,2,0,3,2,0,8,0,0,0,3,2,5
6,0,4,0,0,0,0,0,0,0,0,0,0,0,0,20,0,0,1,0,0,0,1,0,0
0,0,0,0,1,0,0,0,0,0,0,0,0,0,0,0,1,2,1,0,0,0,5,1,0
0,0,0,0,0,0,0,0,0,0,0,0,0,0,0,0,1,0,6,0,0,0,1,0,7
0,0,0,0,0,0,0,0,0,0,0,0,0,0,0,0,0,0,2,0,0,0,0,0,2
0,0,0,0,0,0,0,0,0,0,0,0,0,0,0,0,0,0,69,0,0,0,0,0,4
0,0,1,0,0,0,0,0,0,0,0,0,0,0,0,28,0,0,16,0,0,0,0,0,0
0,0,3,0,0,0,0,0,0,0,0,0,0,0,0,3,2,0,13,0,0,0,0,0,2
0,0,5,0,0,0,0,0,0,0,0,0,0,0,0,9,4,0,3,0,0,0,6,0,3
0,0,3,0,0,0,0,0,0,0,0,0,0,0,0,11,0,2,2,0,0,0,2,0,0
7,0,0,0,0,0,0,0,0,0,0,0,0,0,0,11,0,0,9,0,0,0,2,0,3
0,0,0,0,0,0,0,0,0,0,0,0,0,0,0,0,0,0,2,0,0,0,0,0,2
0,0,0,0,0,0,0,0,0,0,0,0,0,0,0,0,0,0,0,0,0,0,0,0,3
0,0,0,0,0,0,0,0,0,0,0,0,0,0,0,0,0,0,5,0,0,0,0,0,2
0,0,0,0,0,0,0,0,5,0,0,0,0,0,0,0,0,0,0,0,0,0,0,0,0
8,0,0,0,0,0,0,0,0,0,0,0,0,0,0,29,0,0,10,0,0,0,0,0,1
1,0,0,0,0,0,0,0,0,0,0,0,0,0,0,0,0,0,0,0,0,0,0,0,3
0,0,0,0,0,0,0,0,1,0,0,0,0,0,0,0,0,0,1,0,0,0,14,0,9
3,0,0,0,0,0,0,5,0,0,0,0,0,1,0,11,0,0,28,0,0,0,5,0,0
0,0,0,0,0,0,0,1,1,1,0,0,0,2,0,20,0,0,16,0,0,2,0,0,1
0,0,0,0,0,0,0,0,4,0,0,0,0,0,0,16,0,0,9,0,0,0,0,0,0
0,0,0,0,0,0,0,2,0,0,0,0,0,0,0,1,0,0,0,0,1,0,3,0,0
0,0,0,0,0,0,0,1,0,0,0,0,0,0,0,1,0,0,0,0,1,0,3,0,0
0,0,0,0,0,0,0,0,0,1,3,0,0,1,0,0,0,0,0,0,0,0,7,0,0
0,0,0,0,0,0,0,1,2,1,0,0,0,0,0,0,0,0,7,0,0,0,0,0,0
0,0,0,0,0,0,0,1,8,1,0,0,0,0,0,0,0,0,0,0,0,1,39,0,0
1,0,1,0,0,0,0,0,0,0,0,0,0,0,0,11,0,0,6,0,0,0,0,0,0
0,0,0,0,0,0,0,0,0,0,0,0,0,0,0,1,2,0,0,0,0,0,0,0,1
3,0,0,0,0,0,0,0,5,2,0,0,0,0,0,12,0,0,12,1,0,0,0,0,0
1,0,0,0,0,0,0,0,0,1,0,0,0,0,0,4,0,0,2,0,0,0,0,0,0
0,0,6,7,0,0,0,18,16,20,12,0,0,0,0,12,0,0,6,0,0,0,0,0,0
1,0,17,0,0,1,0,12,11,7,8,0,0,0,0,0,0,0,3,0,0,0,3,0,0
0,0,0,0,0,0,0,25,6,15,10,0,0,0,0,18,0,0,3,0,2,0,0,0,2
0,0,0,0,0,0,0,1,0,0,0,0,0,0,0,0,0,0,0,0,0,1,0,0,0
0,0,0,0,0,0,0,0,0,0,0,0,0,0,0,0,0,0,0,0,0,0,5,0,0
0,0,0,0,0,0,0,0,0,0,0,0,0,0,0,0,0,0,1,0,0,0,3,0,0
0,0,0,0,0,0,0,0,2,0,0,0,0,0,0,1,0,0,0,0,0,0,0,0,0
0,0,0,0,0,0,0,0,0,0,0,0,0,0,0,0,0,0,0,0,0,0,0,0,0
0,0,0,0,0,0,0,0,1,0,0,0,0,0,1,0,0,0,0,0,0,0,0,0,0
0,0,0,0,0,0,0,0,1,0,0,0,0,0,0,0,1,0,0,0,0,0,1,0,0
0,0,0,0,0,0,0,0,0,0,0,0,0,0,0,16,0,0,0,0,0,0,0,0,0
0,0,0,0,0,0,0,0,0,0,0,0,0,0,0,0,0,0,0,0,0,0,0,0,0
0,0,0,0,0,0,0,0,0,0,0,0,0,0,0,0,0,0,0,1,0,0,1,0,0
0,0,0,0,0,0,0,0,0,0,0,0,0,0,0,0,0,0,0,0,0,0,0,0,0
0,0,0,0,0,0,0,0,0,0,0,0,0,0,0,0,0,0,0,0,0,0,0,0,0
0,0,0,0,0,0,0,0,0,0,0,0,0,0,0,2,0,0,2,0,0,0,2,0,0
0,0,0,0,0,0,0,0,0,0,0,0,0,0,0,0,1,6,0,0,0,0,3,0,0
1,0,0,0,0,0,0,0,0,0,0,0,0,0,0,0,0,0,7,0,0,0,4,0,0
5,0,2,0,0,0,0,0,0,0,0,0,0,0,0,0,0,0,0,1,0,0,0,0,0
0,0,3,0,0,0,0,0,0,0,0,0,0,0,0,14,0,0,0,0,0,0,2,0,0
0,0,0,0,0,0,0,0,0,0,0,0,0,0,0,8,0,0,8,0,0,0,0,0,0
0,0,24,0,0,0,0,0,0,0,0,0,0,0,0,0,1,0,7,0,0,3,0,14,0
0,0,4,0,0,0,0,0,0,0,0,0,0,0,0,0,0,0,3,0,0,0,10,0,0
0,0,0,0,0,0,0,0,0,0,0,0,0,0,0,0,0,0,0,0,0,0,3,0,0
0,0,0,0,0,0,0,0,0,0,0,0,0,0,0,0,0,0,0,0,0,0,3,0,0
0,0,0,0,0,0,0,0,0,0,0,0,0,0,0,1,0,0,11,0,0,0,0,0,0
0,0,0,0,1,0,0,0,0,0,0,2,0,1,0,0,0,0,5,0,0,0,0,0,0
0,0,5,0,4,0,0,0,0,0,0,0,0,0,0,0,2,0,6,0,0,0,0,0,1
0,0,0,0,0,0,0,1,3,0,0,0,0,0,0,2,3,0,10,0,0,0,1,0,0
0,0,0,0,1,0,0,2,1,0,0,0,0,0,0,1,0,0,4,0,0,0,0,0,1
1,0,0,0,0,0,0,0,0,0,0,0,0,1,0,0,0,0,0,0,0,0,0,0,0
0,0,0,0,0,0,0,0,0,0,0,0,0,0,0,0,0,0,2,0,0,0,0,0,1
0,0,5,0,0,0,0,0,0,1,0,0,0,0,0,0,0,0,0,0,0,0,5,0,0
0,0,0,0,0,0,0,0,0,0,0,0,0,0,0,0,0,0,0,0,0,0,0,0,0
0,0,0,0,0,0,0,0,0,0,0,0,0,0,0,4,0,0,0,0,0,1,0,0,0
0,0,0,0,0,0,0,0,0,0,0,0,0,0,0,1,0,0,0,0,0,0,0,0,0
1,0,1,0,0,0,0,0,0,0,0,0,0,0,0,0,0,0,0,0,0,0,4,0,0
0,0,0,0,0,0,0,0,0,0,0,0,0,0,0,1,0,0,0,0,0,0,0,0,0
0,0,0,0,0,0,0,0,0,0,0,0,0,0,0,0,0,0,0,0,0,0,0,0,1
0,0,0,0,0,0,0,0,0,0,0,0,0,0,0,0,0,0,0,0,0,0,0,0,0
0,0,0,0,0,0,0,0,0,0,0,0,0,0,0,0,0,0,0,0,0,0,0,0,0
0,0,0,0,0,0,0,0,0,0,0,0,0,0,0,0,0,0,0,0,0,0,1,0,0
0,0,0,0,0,0,0,0,0,0,0,0,0,0,0,0,0,0,0,0,0,0,1,0,0
0,0,0,2,0,2,0,0,0,0,0,0,0,0,0,0,0,0,0,0,0,0,1,0,0
0,0,0,0,1,0,0,0,0,0,0,0,0,0,0,0,0,0,0,0,0,0,0,0,0
0,0,0,0,0,0,0,0,0,0,0,0,0,0,0,0,0,0,0,0,0,0,0,0,1
0,0,2,0,0,0,0,0,0,0,0,0,0,0,0,0,0,0,0,0,0,0,0,0,0
0,0,0,0,0,0,0,0,0,0,0,0,0,0,0,0,0,0,0,0,0,0,2,0,0
0,0,0,0,0,0,0,0,0,0,0,0,0,0,0,0,0,0,0,0,0,0,1,0,0
0,0,3,0,0,0,0,0,0,0,0,0,0,0,0,0,0,0,0,0,0,0,0,0,0
0,0,1,0,0,0,0,0,0,0,0,0,0,0,0,0,0,0,0,0,0,0,1,0,0
0,0,0,0,0,0,0,0,0,0,0,0,0,0,0,0,0,0,0,0,0,0,0,0,0
2,0,0,0,0,0,0,0,0,0,0,0,0,1,0,2,0,0,1,0,0,0,0,0,0
0,0,0,0,0,0,0,0,0,0,0,0,0,0,0,0,0,0,1,0,0,0,0,0,0
0,0,4,0,0,0,0,0,0,0,0,0,0,0,0,0,0,0,0,0,0,0,1,0,0
0,0,0,0,0,0,0,0,0,0,0,0,0,0,0,0,0,0,0,0,0,0,1,0,1
0,0,0,0,0,2,0,0,0,0,0,0,0,0,0,0,0,0,0,0,0,0,0,0,1
0,0,1,0,0,2,0,0,0,0,0,0,0,0,0,0,0,0,0,0,0,0,8,1,0
0,0,0,0,0,0,0,0,0,0,0,0,0,0,0,0,0,0,0,0,0,0,4,0,1
0,0,1,0,0,0,0,0,0,0,0,0,0,0,0,0,0,0,0,0,0,0,1,0,0
0,0,0,0,0,0,0,0,0,0,0,0,0,0,0,0,0,0,0,0,0,0,1,0,1
0,0,0,0,0,0,0,0,0,0,0,0,0,0,0,0,0,0,0,0,0,0,3,0,2
0,0,0,0,0,0,0,0,0,0,0,0,0,0,0,0,0,0,0,0,0,0,1,0,1
0,0,0,0,0,0,0,0,0,0,0,0,0,0,0,0,0,0,0,0,0,0,1,0,0
0,0,0,0,0,1,0,0,0,0,0,0,0,0,0,0,0,0,0,0,0,0,0,0,1
0,0,0,0,0,0,0,0,0,0,0,0,0,0,0,0,0,0,0,0,0,0,2,0,0
0,0,0,0,0,0,0,0,0,0,0,0,0,0,0,0,1,0,0,0,0,0,2,0,0
0,0,0,1,0,0,0,0,0,0,0,0,0,0,0,0,0,0,0,0,0,0,1,0,0
0,0,0,0,0,0,0,0,0,0,0,0,0,0,0,0,0,0,0,0,0,0,0,0,0
0,0,0,0,0,0,0,0,0,0,0,0,0,0,0,0,0,0,0,0,0,0,0,0,0
0,0,0,0,0,0,0,0,0,0,0,0,0,0,0,0,1,0,0,0,0,0,2,0,0
1,0,2,0,0,0,0,0,4,0,0,0,0,0,0,3,0,0,0,0,0,0,0,0,0
1,0,0,0,0,0,0,0,2,1,0,0,0,0,0,4,0,0,0,0,0,0,1,0,0
0,0,0,0,0,0,0,0,6,0,0,0,0,0,0,1,1,0,1,0,0,0,0,2,0
0,0,0,0,0,0,0,0,2,0,0,0,0,0,0,2,0,0,0,0,0,0,1,0,0
0,0,0,0,0,0,0,0,0,0,0,0,0,0,0,11,0,0,1,1,0,0,0,0,1
0,0,0,0,0,0,0,0,0,0,0,0,0,0,0,10,0,0,0,0,0,0,0,0,0
0,0,0,0,0,0,0,0,0,0,0,0,0,0,0,5,0,0,4,0,0,0,0,1,0
8,0,0,0,0,0,0,0,0,0,0,0,0,0,0,1,0,0,1,1,0,0,5,3,0
1,0,5,0,1,0,0,0,0,0,0,0,0,0,0,2,1,0,0,0,0,0,1,6,2
1,0,0,0,0,0,0,0,0,0,0,0,0,0,0,0,0,0,1,0,0,0,2,4,0
1,0,0,0,0,0,0,0,0,0,0,0,0,0,0,0,0,0,0,0,0,0,6,10,2
0,0,1,0,0,0,0,0,0,0,0,0,0,0,0,6,0,0,1,0,0,0,4,25,1
0,0,0,0,0,0,0,0,0,0,0,0,0,0,0,4,0,0,3,0,0,0,0,1,0
0,0,2,0,0,0,0,0,0,0,0,0,0,0,0,6,0,0,3,0,0,0,1,4,1
0,0,7,0,0,0,0,0,0,0,0,0,0,1,0,0,0,0,0,0,0,1,0,0,0
0,0,0,0,0,0,0,0,0,0,0,0,0,0,0,3,0,0,0,0,0,0,2,0,0
2,0,1,0,0,0,0,0,0,0,0,0,0,0,0,0,0,0,0,0,0,0,11,0,0
0,0,0,0,0,0,0,0,0,0,0,0,0,0,0,3,0,0,3,0,0,0,0,0,0
0,0,0,1,0,0,0,0,0,0,0,0,0,0,0,0,0,0,2,0,0,0,0,0,0
0,0,0,0,0,0,0,0,0,0,0,0,0,0,0,0,0,0,1,0,0,0,1,0,0
0,0,0,0,0,0,0,0,0,0,0,0,0,0,0,0,0,0,0,0,0,0,0,0,1
1,0,0,0,0,0,0,0,6,0,0,0,0,0,0,46,0,0,3,0,0,0,0,0,0
0,0,2,0,0,0,0,0,10,0,3,0,0,0,0,63,0,0,0,0,0,0,0,0,0
0,0,3,0,0,0,0,0,13,0,0,0,0,1,0,57,0,0,3,0,0,0,0,0,0
0,0,6,0,0,0,0,0,10,0,0,0,0,0,0,46,0,0,0,0,0,0,0,0,0
2,3,0,2,0,0,0,0,6,0,0,0,0,0,0,15,0,0,6,0,0,0,0,0,0
0,0,0,0,0,0,0,0,1,0,0,0,0,1,0,38,0,0,0,0,0,0,0,0,0
0,0,0,0,0,0,0,0,4,0,0,0,0,0,0,25,0,0,2,0,0,0,0,0,0
0,0,0,0,0,0,0,0,1,0,0,0,0,0,0,28,0,0,10,0,0,0,0,0,0
1,0,0,0,0,0,0,0,15,0,0,0,0,1,0,37,0,0,1,0,0,0,0,0,1
0,0,0,0,0,0,0,0,0,0,0,0,0,0,0,2,0,0,0,0,0,0,0,0,0
0,0,0,0,0,0,0,0,0,0,0,0,0,0,0,5,0,0,6,0,0,0,0,0,1
0,0,0,0,0,0,0,0,3,0,0,0,0,0,0,23,0,0,24,0,0,0,0,0,0
2,0,0,0,0,0,0,0,4,0,0,0,0,0,0,67,0,0,2,0,0,3,0,0,0
0,0,0,0,0,0,0,0,6,0,0,0,0,0,0,4,0,0,37,0,0,0,0,0,0
0,0,0,0,0,0,0,0,0,0,0,0,0,0,0,54,0,0,1,0,0,0,0,0,0
0,0,0,0,0,0,0,0,5,0,0,0,0,0,0,23,0,0,22,0,0,0,0,0,0
1,0,0,0,0,0,0,0,3,0,0,0,0,0,0,24,1,0,2,0,0,4,0,0,0
0,0,0,0,0,0,0,0,0,0,0,0,0,0,0,21,1,0,37,0,0,0,0,0,0
1,0,0,0,0,0,0,0,0,0,0,0,0,0,0,72,0,0,2,0,0,2,0,0,1
0,0,0,0,0,0,0,0,1,1,0,0,0,0,0,13,0,0,0,0,0,0,0,0,0
0,0,0,0,0,0,0,0,0,0,0,0,0,0,0,3,2,0,4,0,0,0,0,0,0
0,0,0,0,1,0,0,0,0,0,0,0,0,0,0,0,0,0,0,0,0,0,0,0,0
0,0,1,0,0,0,0,0,0,0,0,0,0,0,0,0,0,0,0,0,0,0,0,0,0
0,0,0,0,3,0,0,2,2,0,2,0,0,0,0,1,0,0,1,0,0,0,0,0,0
1,0,0,0,0,0,0,1,9,0,0,0,0,1,0,0,0,0,1,0,0,1,0,0,0
0,0,0,0,0,0,0,0,2,0,0,0,0,0,0,0,0,0,6,0,0,0,0,0,0
0,0,0,0,0,0,0,0,0,0,0,0,0,0,0,0,0,0,0,0,0,0,0,0,0
0,0,0,0,0,0,0,0,8,0,1,0,0,0,0,84,0,0,26,0,0,0,0,0,0
0,0,0,0,0,0,0,0,21,0,0,0,0,0,0,168,0,0,8,0,0,2,0,0,0
0,0,0,0,0,0,0,0,0,0,0,0,0,0,0,24,0,0,17,0,0,0,1,0,0
0,0,0,0,0,0,0,0,2,0,0,0,0,0,0,5,0,0,3,0,0,0,0,0,0
5,0,0,0,0,0,0,4,11,0,0,0,0,0,0,0,0,0,5,0,0,0,0,0,0
0,0,0,0,0,1,0,0,0,0,0,0,0,0,0,1,0,0,1,0,0,0,0,0,0
0,0,0,0,0,0,0,0,0,0,5,0,0,0,0,2,0,0,0,0,0,0,0,0,1
0,0,0,0,0,0,0,2,0,0,0,0,0,0,0,0,3,0,0,0,0,0,0,0,0
1,0,1,4,0,0,0,2,0,0,0,0,2,0,0,0,0,0,0,0,0,0,0,0,0
0,0,0,0,0,0,0,1,0,0,0,0,1,0,0,2,3,1,0,0,0,0,0,0,0
0,0,0,0,0,0,0,0,0,0,0,0,0,0,0,5,0,0,0,0,0,0,0,0,0
0,0,0,0,1,0,0,0,0,0,2,0,0,0,0,1,0,0,0,0,0,0,0,0,1
0,0,0,0,0,0,0,0,0,0,0,0,0,0,0,0,0,0,0,0,0,0,0,1,0
0,0,0,0,0,0,0,0,0,0,0,0,0,0,0,0,0,0,0,0,0,0,0,0,0
0,0,1,0,0,1,0,0,0,0,0,0,0,1,0,0,0,0,0,0,0,0,7,0,0
0,0,0,0,0,0,0,0,0,0,0,0,0,0,0,4,0,0,0,0,0,0,0,0,0
0,0,0,0,0,0,0,0,0,0,0,0,0,0,0,9,0,0,2,0,0,1,0,0,1
0,0,0,0,0,0,0,0,0,0,1,0,0,0,0,12,0,0,0,0,0,0,0,0,0
0,0,0,0,0,0,0,0,2,0,0,0,0,0,0,13,0,0,1,0,0,0,0,0,1
0,0,0,0,0,0,0,0,0,0,0,0,0,0,0,0,0,0,0,0,0,0,16,0,1
0,0,0,0,0,0,0,0,0,0,0,0,0,0,0,0,2,1,0,0,0,0,0,0,0
0,0,9,2,0,0,0,0,0,0,0,2,0,0,0,0,0,0,0,0,0,0,0,0,1
0,0,0,0,0,2,0,0,0,0,0,0,0,0,0,0,0,0,1,0,0,0,2,0,0
0,0,0,0,0,0,0,0,0,0,0,0,0,0,0,0,0,0,0,0,0,1,1,0,0
0,0,2,0,0,0,0,0,0,0,0,0,0,0,0,0,0,0,0,0,0,0,7,0,0
6,1,0,0,0,0,0,0,2,0,1,0,0,0,0,9,1,0,0,0,0,0,2,0,3
1,0,0,0,0,0,0,0,1,0,0,0,0,0,0,15,0,0,8,0,0,0,0,0,0
0,0,0,0,0,0,0,0,12,0,2,0,0,0,0,35,0,0,13,0,0,0,0,0,0
0,0,0,0,0,0,0,6,25,0,0,0,0,0,0,77,0,0,5,0,0,1,0,0,0
0,0,0,0,0,0,0,1,25,0,1,0,0,0,0,19,0,0,2,0,0,0,0,0,0
0,0,0,0,0,0,0,1,0,0,0,0,0,0,0,5,0,0,0,0,0,0,1,0,3
6,0,0,0,0,0,1,0,0,1,0,1,0,0,0,2,0,0,0,1,0,0,1,0,0
1,0,0,0,0,0,0,0,0,1,0,0,0,0,0,10,0,0,0,0,0,0,0,0,1
0,0,0,0,0,0,2,1,0,0,0,0,0,0,0,2,0,0,1,0,0,0,0,1,0
0,0,0,0,1,0,0,0,0,0,0,0,0,0,0,6,0,0,0,0,0,0,1,2,2
2,0,0,0,0,0,0,0,0,0,0,0,0,0,0,0,0,0,0,0,0,0,0,4,0
1,0,0,0,0,0,0,0,0,0,0,0,0,0,0,10,0,0,0,0,0,0,0,2,0
0,0,0,0,0,0,0,0,0,0,0,0,0,0,0,16,0,0,3,0,0,0,0,9,0
5,0,0,0,0,0,0,0,0,0,0,0,0,0,0,4,0,0,1,0,0,0,0,4,0
0,0,0,0,0,0,0,0,0,0,0,0,0,0,0,7,0,0,1,0,0,0,0,0,0
0,0,0,0,0,0,0,0,0,0,0,0,0,0,0,12,0,0,7,0,0,0,0,0,0
0,0,0,0,0,0,1,0,0,0,0,0,0,0,0,20,0,0,1,0,0,0,1,0,0
5,0,0,0,0,0,2,1,46,0,0,1,0,0,0,85,3,0,7,0,0,0,0,0,0
0,1,8,0,0,0,0,0,0,0,0,0,0,0,0,0,0,0,0,0,0,5,0,0,0
0,0,0,0,0,0,0,0,0,0,0,0,0,0,0,8,1,0,4,0,0,0,0,0,0
1,0,0,0,0,0,0,0,1,0,0,0,0,0,0,2,0,0,3,0,0,1,0,0,0
0,0,0,0,0,0,0,0,0,0,0,0,0,0,0,6,0,0,2,0,0,0,0,0,0
0,0,0,0,0,0,0,0,0,0,0,0,0,0,0,7,0,0,2,0,0,0,0,5,0
11,0,0,0,0,0,0,0,10,0,0,0,0,0,0,72,0,0,22,0,0,0,0,0,0
0,0,0,0,0,0,0,0,4,0,0,0,0,0,0,34,0,0,1,0,0,0,0,0,0
0,0,0,0,0,0,0,0,10,0,0,0,0,1,0,31,0,0,1,0,0,0,0,0,0
0,0,0,0,0,0,0,0,0,0,0,0,0,0,0,8,0,0,1,0,0,0,0,0,0
0,0,0,0,0,0,0,0,1,0,1,0,0,0,0,11,0,0,5,0,0,1,0,0,0
0,0,0,0,0,0,0,0,1,0,0,0,0,0,0,5,1,0,2,0,0,0,0,0,0
0,0,0,0,0,0,0,0,0,0,0,0,0,0,0,5,0,0,0,0,0,0,0,0,0
2,0,0,0,0,0,0,0,0,0,0,0,0,0,0,14,0,0,5,0,0,3,0,0,0
0,0,0,0,0,0,0,0,0,0,0,0,0,0,0,0,0,0,0,0,0,0,0,0,0
0,0,0,0,1,0,0,0,0,0,0,0,0,0,0,0,0,0,0,0,0,2,0,0,0
0,0,0,0,0,0,0,0,0,0,0,0,0,0,0,0,0,0,0,0,0,0,0,0,1
0,0,0,0,0,0,0,0,0,0,0,0,0,0,0,0,0,0,0,0,0,0,0,0,0
0,0,1,0,0,0,0,0,0,0,0,0,0,0,0,0,0,0,0,0,0,0,0,0,0
0,0,0,0,0,0,0,0,0,0,0,1,0,0,0,0,0,0,0,0,0,0,0,0,0
15,0,0,0,0,0,0,0,13,0,1,0,0,0,0,1,0,0,12,0,3,0,0,1,0
19,0,0,0,0,0,0,0,22,1,2,0,0,0,0,1,0,0,29,0,3,0,0,0,0
20,0,0,0,0,0,0,1,17,0,2,0,0,0,0,1,0,0,25,0,6,0,0,0,0
2,0,0,0,0,0,0,0,11,2,2,0,0,0,0,2,0,0,21,0,2,0,1,0,0
2,0,0,0,0,0,0,0,9,0,0,0,0,0,0,5,0,0,4,0,0,1,0,0,0
7,0,0,0,0,0,0,0,0,0,0,0,0,0,0,8,0,0,0,2,0,0,2,0,4
4,0,1,0,2,0,0,0,0,0,0,0,0,0,0,10,0,0,0,0,0,0,0,0,1
7,0,0,0,0,0,0,0,0,0,0,0,0,0,0,22,0,1,0,2,0,0,1,0,1
6,0,1,0,0,0,0,0,0,0,0,0,0,0,0,24,1,0,0,0,0,0,0,0,0
10,0,6,0,0,0,0,0,0,0,0,0,0,0,0,6,0,0,0,0,0,0,0,0,1
31,0,4,0,0,0,0,0,0,0,0,0,0,0,0,4,0,0,0,0,0,0,0,0,0
43,0,0,0,0,0,1,0,0,0,0,0,0,0,0,6,1,0,0,0,0,0,1,0,4
13,0,2,0,0,0,0,0,0,0,0,0,0,1,0,2,0,0,0,0,0,1,0,0,1
0,0,0,0,0,0,0,0,0,0,0,0,0,0,0,2,0,0,0,4,0,0,3,0,3
3,0,0,0,0,0,4,0,0,0,0,0,0,0,0,0,0,0,0,1,0,0,4,0,1
0,0,1,0,0,0,11,1,0,0,0,0,0,0,0,5,2,1,0,3,0,0,1,0,1
0,0,2,0,0,0,0,0,0,0,0,0,0,0,1,16,1,0,0,1,0,0,2,0,2
7,0,0,0,2,0,0,1,0,0,0,0,0,0,0,6,1,0,0,1,0,0,0,0,3
7,0,0,0,0,0,0,0,0,0,0,0,0,0,0,3,0,0,0,0,0,0,0,0,1
8,0,0,0,0,0,1,0,0,0,0,0,0,0,0,16,1,0,0,2,0,0,0,0,3
7,0,0,0,0,0,0,0,0,0,0,0,0,0,0,3,1,0,1,0,0,0,0,0,0
1,0,0,0,0,0,0,0,0,0,0,0,0,1,0,10,0,1,7,0,0,0,0,0,0
3,0,0,0,6,0,0,0,0,0,0,0,0,0,0,48,0,0,3,0,0,0,0,0,0
11,0,0,0,1,0,0,0,0,0,0,0,0,0,0,5,2,0,3,0,0,0,1,0,1
0,0,0,0,0,0,0,0,0,0,0,0,0,0,0,1,0,0,1,0,0,0,0,0,0
0,0,0,0,0,0,0,1,2,0,0,0,0,0,0,10,0,0,8,0,0,0,0,1,0
2,0,0,0,0,0,0,0,1,0,0,2,0,0,0,11,0,1,0,0,0,0,0,2,0
15,0,0,0,0,0,0,0,7,0,0,0,0,0,0,22,0,0,6,0,0,0,2,1,0
2,0,1,0,0,0,0,0,17,0,0,0,0,0,0,10,4,3,1,0,0,0,0,0,2
0,0,0,0,0,0,0,0,0,0,0,0,0,0,0,0,0,0,0,1,0,0,0,0,0
0,0,0,0,0,0,0,0,0,0,0,0,0,0,0,0,0,0,0,0,0,0,0,0,0
0,0,0,0,1,0,0,0,0,0,0,0,0,0,0,0,0,0,0,0,0,0,0,0,0
0,0,0,0,1,0,0,0,0,0,0,0,0,0,0,0,0,0,0,1,0,0,0,0,0
0,0,0,0,0,0,0,0,0,0,0,0,0,0,0,1,0,0,0,0,0,0,3,0,1
0,0,0,0,0,0,0,0,0,0,1,0,0,0,1,0,0,0,0,0,0,0,1,0,0
0,0,1,0,0,0,0,0,0,0,0,0,0,0,0,0,0,0,0,0,0,1,0,0,1
0,0,0,0,0,0,0,0,0,0,0,0,0,0,0,0,0,0,0,0,0,0,0,0,0
0,0,0,0,0,0,0,0,0,0,0,0,0,0,0,0,0,2,0,0,0,0,0,0,0
0,0,0,0,0,0,0,0,0,0,0,0,0,0,0,0,0,0,0,0,0,0,0,0,1
0,0,2,0,1,0,0,0,0,1,0,0,0,0,0,0,0,0,0,0,0,0,0,0,3
0,0,0,0,0,0,0,0,0,0,0,0,0,0,0,0,0,0,0,0,0,0,0,0,1
0,0,0,0,0,0,0,0,0,0,0,0,0,0,0,0,0,0,0,0,0,0,0,0,0
0,0,0,0,1,0,0,0,0,0,0,0,0,0,0,0,0,0,0,1,0,0,0,0,0
0,0,2,0,0,0,0,0,0,0,0,0,0,0,0,0,0,0,0,0,0,0,0,0,0
0,0,0,0,0,0,0,0,0,0,0,0,0,0,0,0,0,0,0,0,0,0,0,0,0
0,0,0,0,0,0,0,0,0,0,0,0,0,0,0,1,0,0,0,0,0,0,0,0,0
0,0,0,0,0,0,0,0,0,0,0,0,0,0,0,0,0,0,0,0,0,0,1,0,2
0,0,0,0,0,0,0,0,4,0,0,0,0,0,0,1,0,0,0,0,0,1,0,0,1
0,0,0,0,0,0,0,0,0,0,0,0,0,0,0,0,0,0,0,0,0,0,0,0,0
0,0,0,0,0,0,0,0,2,0,0,0,0,0,0,0,0,0,0,0,0,0,0,0,0
0,0,0,0,0,0,0,0,0,0,0,0,0,0,0,1,0,0,0,0,0,0,0,0,0
0,0,0,0,0,0,0,0,0,0,0,0,0,0,0,0,0,1,3,0,0,0,0,0,0
0,0,0,0,0,0,0,0,0,0,0,0,0,0,0,8,0,0,0,0,0,0,0,0,0
0,0,2,0,2,0,0,0,0,0,0,0,0,0,0,1,0,0,1,0,0,0,0,0,0
0,0,0,0,0,0,0,0,8,0,0,0,0,0,0,0,0,0,3,0,0,0,0,0,0
0,0,0,0,0,0,0,0,6,0,0,0,0,0,0,3,0,0,1,1,0,0,2,0,0
0,0,0,0,0,0,0,0,10,0,0,0,0,0,0,0,0,0,0,0,0,0,0,0,1
0,0,0,0,0,0,0,0,15,0,0,0,0,0,0,0,1,0,0,1,0,0,0,0,1
0,0,0,0,0,0,0,0,2,0,0,0,0,0,0,0,0,0,0,0,0,0,0,0,0
0,0,0,0,0,0,0,0,6,0,0,0,0,0,0,0,0,0,0,0,0,0,0,0,1
0,0,0,0,0,0,0,0,20,0,0,0,0,0,0,0,0,0,0,0,0,0,0,0,0
0,0,0,0,0,0,0,0,2,0,0,0,0,0,0,0,0,0,0,0,0,0,0,0,0
0,0,0,0,0,0,0,0,15,0,0,0,0,0,0,4,0,0,0,0,0,0,1,0,1
0,0,0,0,0,0,0,0,15,0,0,0,0,0,0,4,0,0,0,0,0,0,0,0,0
0,0,0,0,2,0,0,0,11,0,0,0,0,0,0,0,0,0,0,1,0,0,0,0,0
0,0,0,0,0,0,0,0,6,0,0,0,0,0,0,0,1,0,0,0,0,1,0,0,1
0,0,0,0,2,0,0,0,4,0,0,0,0,0,0,0,0,0,1,0,0,0,0,0,0
0,0,0,0,2,0,0,0,12,0,0,0,0,0,0,0,0,0,0,0,0,0,0,0,0
0,0,0,0,0,0,0,0,3,0,0,0,0,0,0,0,1,0,0,0,0,0,0,0,3
0,0,0,0,1,0,0,0,2,0,0,0,0,0,0,0,1,0,0,0,0,0,0,0,2
0,0,0,0,0,0,0,0,1,0,0,0,0,0,0,0,1,0,0,1,0,0,0,0,1
0,0,0,0,0,0,0,0,0,0,0,0,0,0,0,0,0,0,0,0,0,0,0,0,1
0,0,0,0,0,0,0,0,0,0,0,0,0,0,0,0,0,1,0,3,0,0,1,0,1
0,0,0,0,0,0,0,0,0,0,0,0,0,0,0,0,0,0,0,0,0,1,0,0,0
0,0,0,0,1,0,0,0,0,0,0,0,0,0,0,0,0,1,0,0,0,0,0,0,0
0,0,0,0,0,0,0,0,0,0,0,0,0,0,0,0,0,0,0,0,0,0,0,0,3
0,0,0,0,1,0,0,0,0,0,0,0,0,0,0,0,0,0,0,0,0,0,0,0,4
0,0,1,0,0,0,0,0,0,0,0,0,0,0,0,0,0,1,0,1,0,0,0,0,0
0,0,0,0,0,0,0,0,0,0,0,0,0,0,0,0,0,0,0,0,0,0,0,0,1
0,0,0,1,1,0,0,0,1,0,0,0,0,0,0,0,0,0,0,0,0,0,0,0,0
0,0,1,0,0,0,0,0,0,0,0,0,0,0,0,0,0,0,0,0,0,2,0,0,0
0,0,1,0,0,0,0,0,0,0,0,0,0,0,0,0,0,0,0,0,0,0,0,0,0
0,0,0,0,0,0,0,0,0,0,0,0,0,0,0,0,0,0,1,0,0,0,0,0,0
0,0,0,0,0,0,0,0,0,0,0,0,0,0,0,0,0,0,0,0,0,0,0,0,0
0,0,0,0,0,0,0,0,3,0,0,0,0,0,0,0,0,0,0,0,0,0,0,0,0
0,0,0,0,0,0,0,0,2,0,0,0,0,0,0,0,0,0,0,0,0,0,0,0,1
0,0,0,0,0,0,0,0,1,0,0,0,0,0,0,0,0,0,0,0,0,0,0,0,1
0,0,2,0,0,0,0,0,1,0,0,0,0,0,0,0,0,0,0,0,0,0,0,0,0
0,0,0,0,0,0,0,0,0,0,0,0,0,0,0,0,1,0,0,0,0,0,0,0,0
0,0,0,0,0,0,0,0,1,0,0,0,0,0,0,0,0,0,0,0,0,0,0,0,0
0,0,0,0,0,0,0,0,2,0,2,0,0,0,0,0,0,0,0,0,0,0,0,0,0
0,0,0,0,0,0,0,0,0,0,0,0,0,0,0,0,0,0,0,0,0,0,0,0,0
1,0,1,0,1,0,0,0,0,0,1,0,0,0,0,0,0,0,2,0,0,0,0,0,1
0,0,0,0,0,0,0,0,0,0,0,0,0,0,0,0,0,0,0,0,0,0,0,0,0
0,0,1,0,0,0,0,0,0,0,0,0,0,0,0,0,0,0,0,0,0,0,0,0,0
0,0,0,0,0,0,0,0,0,0,0,0,0,0,0,0,0,0,0,0,0,0,0,0,0
0,0,0,0,0,0,0,0,0,0,0,0,0,0,0,0,0,0,0,0,0,1,0,0,0
0,0,0,0,0,0,0,0,0,0,0,0,0,0,0,0,0,0,0,0,0,0,0,0,2
0,0,1,0,0,0,0,0,0,0,0,0,0,0,0,0,0,0,0,0,0,0,0,0,0
0,0,0,0,0,0,0,0,1,0,0,0,0,0,0,0,0,0,0,0,0,0,0,0,0
0,0,0,0,0,0,0,0,3,0,0,0,0,0,0,0,0,0,0,0,0,0,0,0,0
0,0,0,0,0,0,0,0,0,0,2,0,0,0,0,0,0,0,0,0,0,0,0,0,0
0,0,0,0,0,0,0,0,0,0,0,0,0,0,0,0,1,0,0,0,0,0,0,0,0
0,0,0,0,0,0,0,0,0,0,0,0,0,0,0,0,0,0,0,0,0,0,0,0,1
0,0,0,0,0,0,0,0,7,0,0,0,0,0,0,0,0,0,0,1,0,0,0,0,0
0,0,2,0,1,0,0,0,6,0,0,0,0,0,0,0,0,0,0,0,0,0,0,0,0
0,0,0,0,1,0,0,0,5,0,0,0,0,0,0,0,0,0,0,0,0,0,0,0,0
0,0,0,0,0,0,0,0,1,0,0,0,0,0,0,0,0,0,0,0,0,0,0,0,0
0,0,3,0,0,0,0,0,10,0,0,0,0,0,0,0,0,0,0,0,0,0,0,0,0
1,0,0,0,0,0,0,0,0,0,0,0,0,0,0,0,0,0,0,0,0,0,0,0,1
0,0,0,0,0,0,0,0,44,0,0,0,0,0,0,0,0,0,0,0,0,0,0,0,0
0,0,2,0,0,0,0,0,4,3,0,0,0,0,0,1,0,0,0,0,0,0,0,0,1
0,0,0,0,0,0,0,0,0,0,0,0,0,0,0,0,1,0,0,0,0,0,0,0,0
0,0,4,0,0,0,0,0,0,0,0,1,0,0,0,0,0,0,0,1,0,0,0,0,2
0,0,3,0,0,0,0,0,0,0,0,0,0,0,0,0,0,0,0,0,0,0,0,0,1
0,0,0,0,0,0,0,0,0,0,0,0,0,0,0,0,0,0,0,0,0,0,0,0,0
0,0,0,0,0,0,0,0,0,0,0,0,0,1,0,0,0,0,0,1,0,0,3,0,2
0,0,0,0,0,0,0,0,0,0,0,0,0,0,0,0,0,0,0,0,0,0,0,0,0
0,0,0,0,0,0,0,0,0,0,0,0,0,0,0,0,0,0,0,0,0,0,2,0,1
1,0,2,0,0,0,0,0,0,0,0,0,0,0,0,0,1,0,1,0,0,0,0,0,0
1,0,0,0,0,0,0,0,2,0,0,0,0,0,0,0,0,0,0,0,0,1,0,0,2
0,0,2,0,0,0,0,0,2,0,0,0,0,0,0,0,0,0,0,0,0,0,0,0,0
0,0,0,0,0,0,0,0,4,0,0,0,0,0,0,1,0,0,2,0,0,0,1,0,0
0,0,0,0,0,0,0,0,2,0,0,0,0,0,0,0,0,0,0,0,0,0,0,0,1
0,0,1,0,0,0,0,0,5,0,0,0,0,0,0,0,0,0,0,0,0,0,0,0,0
0,0,0,0,0,0,0,0,3,0,0,0,0,0,0,0,0,0,0,0,0,0,1,0,0
0,0,0,0,0,0,0,0,5,0,0,0,0,0,0,0,0,0,2,0,0,0,1,0,0
0,0,3,0,0,0,0,0,1,0,0,0,0,0,0,0,0,0,0,0,0,0,0,0,0
0,0,0,0,0,0,0,0,6,0,0,0,0,0,0,0,0,0,0,0,0,0,0,0,0
0,0,0,0,0,0,0,0,10,0,0,0,0,0,0,0,0,0,0,0,0,0,0,0,0
0,0,0,0,1,0,0,0,11,1,0,0,0,0,0,0,0,0,1,0,0,0,0,0,0
0,0,1,0,0,0,0,0,10,0,0,0,0,0,0,0,1,1,0,0,0,0,0,0,0
0,0,0,0,1,0,0,0,0,0,0,0,0,0,0,0,0,0,0,0,0,0,0,0,1
0,0,0,0,0,0,0,0,3,0,0,0,0,0,0,0,0,0,0,0,0,0,0,0,0
0,0,0,0,0,0,0,0,1,0,0,0,0,0,0,0,0,0,0,0,0,0,0,0,0
0,0,1,0,0,0,0,0,0,0,0,0,0,0,0,0,0,0,0,0,0,0,0,0,1
0,0,0,0,0,0,0,0,6,0,0,0,0,0,0,0,1,0,0,0,0,0,0,0,0
0,0,0,0,0,0,0,0,4,0,0,0,0,0,0,0,0,0,0,0,0,0,0,0,0
0,0,1,0,1,0,0,0,4,0,0,0,0,0,0,0,0,0,0,0,0,0,0,0,0
0,0,0,0,0,0,0,0,0,0,0,0,0,0,0,0,0,0,0,0,0,0,0,0,0
0,0,0,0,0,0,0,0,0,0,0,0,0,0,0,0,0,0,0,0,0,0,0,0,1
0,0,0,0,0,0,0,0,0,0,0,0,0,0,0,0,0,0,1,1,0,0,2,0,1
0,0,0,0,0,0,0,0,0,0,0,0,0,0,0,0,0,0,0,0,0,0,2,0,2
0,0,0,0,0,0,0,0,0,0,0,0,0,0,0,0,0,0,0,0,0,0,3,0,1
0,0,0,0,0,0,0,0,0,0,0,0,0,0,0,0,0,0,0,0,0,0,9,0,0
0,0,0,0,0,0,0,0,0,0,0,0,0,0,0,0,0,0,0,1,0,0,8,0,1
0,0,3,0,0,0,0,0,0,0,0,1,0,0,0,0,0,0,0,0,0,0,5,0,0
0,0,1,0,0,0,0,0,0,0,0,0,0,0,0,0,0,0,0,0,0,0,0,0,0
0,0,0,0,0,0,0,0,0,0,0,0,0,0,0,0,0,0,0,0,0,0,6,0,1
0,0,0,0,0,0,0,0,20,0,0,1,0,0,0,0,0,0,0,1,0,0,0,0,1
0,0,0,0,0,0,0,1,11,0,0,0,0,0,0,0,0,0,0,0,0,0,6,0,2
0,0,0,0,0,0,0,1,7,0,0,0,0,0,0,0,3,0,0,0,0,0,0,0,0
0,0,0,0,1,0,0,0,8,0,0,0,0,0,0,0,0,0,1,0,0,0,0,0,0
2,0,3,0,0,0,0,0,0,0,0,0,0,0,0,0,0,3,0,0,0,0,0,0,2
0,0,1,0,0,0,0,0,0,0,0,0,0,0,0,0,0,0,1,2,0,0,0,0,2
0,0,1,0,0,0,0,0,0,0,0,0,0,0,0,3,0,0,0,0,0,0,0,0,3
0,0,2,0,0,0,0,0,0,0,0,0,0,0,0,15,1,0,0,0,0,0,0,0,5
0,0,0,0,3,0,0,0,0,0,0,0,0,0,0,0,0,0,0,0,0,0,0,0,2
0,0,0,0,0,0,0,1,0,0,0,0,0,0,0,0,0,0,0,0,0,0,0,0,1
0,0,0,0,0,0,0,0,7,0,0,0,0,0,0,0,0,0,12,0,10,0,1,0,0
12,0,0,0,0,0,0,0,0,0,0,0,0,0,0,6,0,0,9,0,0,0,0,7,0
20,0,1,0,0,0,0,0,0,0,0,0,0,0,0,17,0,0,5,1,0,0,0,0,0
4,0,0,0,0,0,0,1,13,0,1,0,0,0,0,0,1,0,16,0,0,1,0,0,0
6,0,0,4,0,0,0,0,19,0,0,0,0,0,0,23,0,5,15,0,0,4,0,0,0
16,0,0,0,0,0,0,0,26,0,0,0,0,0,0,25,0,0,24,0,0,0,0,0,0
0,0,0,0,0,0,0,0,0,0,0,0,0,0,0,19,0,1,0,0,0,0,0,0,0
0,0,1,0,0,0,0,0,0,0,0,0,0,0,0,0,0,0,3,0,0,0,7,0,0
0,0,0,0,0,0,0,0,0,0,0,0,0,0,0,0,0,0,0,0,0,0,0,0,0
0,0,0,0,0,0,0,0,0,0,0,0,0,0,0,0,0,0,0,0,0,5,0,0,0
0,0,0,0,0,0,0,0,0,0,0,0,0,0,0,0,0,0,0,0,0,0,0,0,0
1,0,0,0,0,0,0,0,0,0,0,0,0,0,0,0,0,0,0,0,0,1,0,0,0
0,0,0,0,0,0,0,0,0,0,0,0,0,0,0,0,0,0,1,0,0,0,0,0,0
0,0,0,0,0,0,0,0,0,0,0,0,0,0,0,1,0,0,0,0,0,0,0,0,0
3,0,0,0,0,0,0,0,7,1,6,1,0,0,0,5,0,0,5,0,2,0,0,0,0
49,0,0,0,0,0,0,0,36,0,3,0,0,0,0,22,0,0,7,0,0,1,0,0,0
10,0,0,0,0,0,0,0,16,0,5,1,0,0,0,7,0,0,16,0,0,0,0,0,0
1,0,0,0,0,0,0,0,15,0,3,0,0,0,0,8,0,0,2,0,1,5,0,0,0
6,0,0,0,0,0,0,2,14,0,6,0,0,1,0,7,0,0,8,0,0,0,0,7,0
16,0,0,0,0,0,0,0,1,1,5,2,0,0,0,13,0,0,7,0,0,3,0,0,0
52,0,0,0,0,0,0,0,6,0,4,1,0,0,0,23,1,0,22,0,0,2,0,0,1
13,0,0,0,0,0,0,1,12,0,0,0,0,0,0,21,0,0,12,0,0,1,0,0,0
12,0,0,0,0,0,0,0,6,0,6,0,0,0,0,6,0,0,9,0,0,0,0,0,0
18,0,0,0,1,0,0,0,24,0,0,0,0,0,0,3,0,0,17,0,0,0,0,0,0
0,0,0,0,0,0,0,0,0,0,0,0,0,0,0,0,0,0,0,0,0,0,1,0,1
0,0,0,0,0,0,0,0,0,0,0,0,0,0,0,0,1,0,0,0,0,0,1,0,0
0,0,0,0,0,0,0,0,0,0,0,0,0,0,0,0,0,0,0,0,0,0,0,0,0
0,0,0,0,0,0,0,0,0,0,0,0,0,0,0,0,0,1,0,0,0,0,1,0,0
0,0,0,0,0,0,0,0,0,0,0,0,0,0,0,3,0,0,0,0,0,0,0,2,0
1,0,0,0,1,0,0,0,0,0,0,0,0,0,0,5,0,0,1,0,0,0,0,5,0
0,0,0,0,0,0,0,0,0,0,0,0,0,0,0,1,0,0,1,0,0,0,0,4,1
0,0,0,0,0,0,0,0,0,0,0,0,0,0,0,0,0,1,0,0,0,0,0,0,0
0,0,0,0,0,0,0,0,0,0,0,0,0,0,0,2,0,1,0,0,0,1,0,0,0
1,0,0,0,0,0,0,0,0,0,0,0,0,0,0,4,0,0,10,0,0,0,0,0,0
4,0,0,0,1,0,0,0,0,0,0,0,0,0,0,12,0,0,2,0,0,0,0,3,0
1,0,0,0,0,0,0,0,0,0,0,0,0,0,0,22,0,0,2,0,0,0,0,0,0
0,0,0,0,0,0,0,0,0,0,0,0,0,0,0,3,0,1,1,0,0,0,0,0,0
0,0,0,0,0,0,0,0,0,0,0,0,0,0,0,11,0,1,2,0,0,0,0,0,0
0,0,0,0,0,0,0,0,1,0,0,0,0,0,0,0,0,0,1,0,0,0,0,0,0
0,0,0,0,0,0,0,0,0,0,0,0,0,0,0,1,0,0,0,0,0,0,0,0,2
1,0,0,0,0,0,0,0,0,0,0,0,0,0,0,2,0,1,1,0,0,0,0,0,0
0,0,0,0,0,0,0,0,0,0,0,0,0,0,0,1,0,0,5,0,0,1,0,0,0
2,0,0,0,0,0,1,1,0,0,0,0,0,0,0,0,0,0,0,0,0,0,2,0,0
2,0,0,0,0,0,0,0,1,0,0,0,0,0,0,3,0,0,2,0,0,0,2,0,0
4,0,0,0,4,0,0,0,0,0,0,0,0,0,0,4,1,0,3,0,0,0,0,0,0
0,0,0,0,0,0,0,0,0,0,0,0,0,0,0,0,0,0,0,0,0,0,0,0,0
0,0,0,0,0,0,0,0,0,0,0,0,0,0,0,3,5,0,0,0,0,0,0,0,0
0,0,0,0,0,0,0,0,0,0,0,0,0,0,0,0,0,0,0,0,0,0,2,0,0
0,0,0,0,1,0,0,0,0,0,0,0,0,0,0,0,0,0,0,0,0,0,0,0,0
0,0,0,0,0,0,0,0,0,0,0,0,0,0,0,0,0,0,0,0,0,0,0,0,0
0,0,0,0,0,0,0,0,0,0,0,0,0,0,0,0,0,0,0,0,0,0,0,0,0
0,0,0,0,0,0,0,0,0,0,0,0,0,0,0,0,0,0,0,0,0,1,0,0,0
0,0,0,0,0,0,0,0,0,0,0,0,0,0,1,0,0,0,0,0,0,0,0,0,0
0,0,0,0,0,0,0,0,0,0,0,0,0,0,0,0,0,0,0,0,0,0,1,0,0
0,0,0,0,0,0,0,0,0,0,0,0,0,0,0,0,0,0,0,0,0,0,1,0,0
0,0,1,0,0,0,0,0,0,0,0,0,0,0,0,0,0,0,0,0,0,0,7,0,0
0,0,0,0,0,0,0,0,0,0,0,0,0,0,0,0,0,0,0,0,0,0,0,0,0
0,0,2,0,0,0,0,0,0,0,0,7,0,0,0,0,0,0,2,0,0,3,0,12,0
0,0,0,0,0,0,0,0,0,0,0,0,0,0,0,0,0,0,0,0,0,0,0,0,0
0,1,1,0,0,2,0,0,0,0,0,0,0,1,0,0,0,0,1,0,0,0,0,0,0
1,0,0,0,0,0,0,0,1,0,0,0,1,0,0,8,0,2,0,0,0,0,0,0,0
2,0,0,0,0,0,0,0,0,0,0,0,0,0,0,50,0,0,6,0,0,1,0,0,1
0,0,0,0,3,0,0,0,0,0,0,0,0,0,0,15,0,0,0,0,0,0,0,0,0
1,0,0,0,0,0,0,0,0,0,0,0,0,0,0,1,0,5,0,0,0,0,0,0,0
1,0,0,0,0,0,0,0,0,0,0,0,0,0,0,1,0,1,0,0,0,1,0,0,0
0,0,0,0,2,0,0,0,0,0,0,0,0,0,0,13,0,0,0,0,0,0,0,0,0
0,0,3,0,0,3,0,0,0,0,0,0,0,0,0,0,0,0,0,0,0,0,0,0,0
0,0,0,0,0,0,0,0,0,0,0,0,0,0,0,0,0,0,0,0,0,0,0,0,1
0,0,0,0,0,0,0,0,0,0,0,0,0,0,0,0,0,0,0,0,0,0,2,0,2
0,0,0,0,0,0,0,0,0,0,0,0,0,0,0,0,0,0,0,0,0,0,2,0,0
0,0,0,0,0,0,0,0,0,0,0,0,0,0,0,10,0,5,0,0,0,2,0,0,0
0,0,0,0,0,0,0,0,0,0,0,0,0,0,0,3,0,0,1,0,0,0,0,0,0
0,0,0,0,0,0,0,0,0,0,0,0,0,0,0,5,0,0,1,1,0,0,0,0,0
0,0,0,0,0,0,0,0,0,0,0,0,0,0,0,0,0,0,0,0,0,0,0,1,1
0,0,0,0,0,0,0,0,1,0,0,0,0,0,0,1,0,0,0,0,0,0,0,0,0
2,0,0,0,0,0,0,0,1,0,0,0,0,0,0,6,0,3,0,0,0,0,0,0,0
8,0,0,0,0,0,0,3,14,0,0,0,0,0,0,4,0,0,0,0,0,0,0,9,0
2,0,0,0,0,0,0,0,2,0,0,0,0,0,0,10,0,5,1,0,0,2,0,0,0
4,0,2,0,0,0,0,0,0,0,0,0,0,0,0,2,0,1,3,0,0,0,0,0,0
19,0,0,0,0,0,0,0,16,0,0,0,0,0,0,7,0,1,0,1,0,0,0,1,0
15,0,0,0,0,0,0,0,0,0,0,0,0,0,0,6,0,0,1,0,0,0,0,0,0
0,0,0,0,0,0,0,0,0,0,0,0,0,0,0,4,0,1,0,1,0,0,0,0,1
0,0,0,0,0,2,0,0,0,0,0,0,0,0,0,0,0,0,0,0,0,0,0,0,0
0,0,4,0,0,0,0,12,0,0,11,0,0,0,0,0,0,0,9,0,0,0,0,0,0
0,0,7,2,0,0,0,1,0,0,8,0,0,0,0,0,0,0,4,0,0,0,0,0,0
0,0,0,0,0,0,0,0,0,0,0,0,0,0,0,0,0,0,0,0,0,1,0,0,0
0,0,0,0,0,0,0,0,0,0,0,0,0,0,0,0,0,0,0,0,0,0,0,0,0
0,0,1,0,0,0,0,0,0,0,0,0,0,0,0,0,0,0,0,0,0,2,0,0,0
0,0,0,0,0,0,0,0,0,0,0,0,0,0,0,0,0,0,0,0,0,0,0,0,0
0,0,0,0,0,0,0,0,0,0,0,0,0,0,0,0,0,0,0,0,0,0,0,0,0
0,0,0,0,0,0,0,0,0,0,0,0,0,0,0,0,0,0,0,0,0,1,0,0,0
0,0,0,0,0,0,0,0,1,0,0,0,0,0,0,0,0,0,1,0,0,0,0,0,0
0,0,0,0,0,0,0,0,0,0,0,0,0,0,0,0,0,0,3,0,1,0,0,0,0
0,0,0,0,0,0,0,0,0,0,0,0,0,0,0,0,0,0,0,0,1,0,2,0,0
0,0,0,0,0,0,0,0,0,0,0,0,0,0,0,0,0,0,1,0,0,0,1,0,0
0,0,10,0,0,0,0,4,0,0,0,0,0,0,0,0,0,0,11,0,0,0,0,0,0
0,0,0,0,0,0,0,0,0,0,3,4,0,0,0,0,0,0,5,0,0,0,0,0,1
0,0,0,0,0,0,0,2,0,0,0,0,0,0,0,0,0,0,1,2,0,0,0,0,0
0,0,0,0,0,0,0,0,0,0,0,0,0,0,0,0,0,0,0,5,0,0,5,0,2
1,0,2,1,0,0,0,3,0,0,0,0,0,0,0,0,0,0,7,0,0,0,1,0,0
0,0,0,0,1,0,0,0,0,0,0,0,0,0,0,0,0,0,0,0,0,0,0,0,2
0,0,1,0,0,0,0,0,0,0,0,0,0,0,0,0,0,0,0,0,0,0,0,0,0
0,0,0,0,0,0,0,1,0,0,0,0,0,0,0,0,0,0,0,0,0,0,1,0,1
0,0,0,0,0,0,0,0,0,0,0,0,0,0,0,0,0,0,0,0,0,0,0,0,0
0,0,0,0,0,0,0,0,0,0,0,0,0,0,0,0,0,0,0,0,0,0,6,0,0
0,0,0,0,0,0,0,0,0,0,0,0,0,0,0,0,0,0,0,0,1,0,0,0,0
0,0,0,0,0,0,0,0,0,0,0,0,0,0,0,0,0,0,0,0,0,1,0,0,0
0,0,0,0,0,0,0,0,0,0,0,0,0,0,0,0,0,0,0,0,0,0,0,0,0
0,0,0,0,0,0,0,0,0,0,0,0,0,0,0,0,0,0,4,0,0,0,0,0,0
0,0,0,0,0,0,0,0,0,0,0,0,0,0,0,0,0,0,0,0,0,0,0,0,0
0,0,0,0,0,0,0,0,0,0,0,0,0,0,0,0,0,0,1,0,0,1,1,0,0
0,0,0,0,0,0,0,0,0,0,0,0,0,0,0,0,0,0,0,0,0,0,0,0,0
21,0,0,0,0,0,0,3,0,0,0,0,0,0,0,21,0,0,22,0,0,0,0,0,0
16,0,0,0,0,0,0,0,0,0,0,0,0,0,0,10,0,11,1,0,0,0,2,0,0
18,0,0,0,2,0,0,0,0,0,0,0,0,0,0,19,0,0,0,0,0,1,3,2,0
20,0,1,0,0,0,0,0,0,0,0,0,0,0,0,5,0,2,14,0,0,0,0,7,0
0,0,0,0,0,0,0,0,0,0,0,0,0,0,0,0,0,0,0,0,0,0,0,0,0
0,0,2,0,0,0,0,0,0,0,0,0,0,0,0,0,0,0,0,1,0,0,0,0,0
0,0,0,0,0,0,0,0,0,0,0,0,0,0,0,0,3,0,0,0,0,0,0,0,0
0,0,0,0,0,0,0,0,0,0,0,0,0,0,0,0,0,0,0,0,0,0,0,0,0
0,0,0,0,0,0,0,0,0,0,0,0,0,0,0,0,0,0,0,0,0,0,0,0,0
0,0,1,0,0,1,0,0,0,0,0,0,0,0,0,0,0,0,0,0,0,0,0,0,1
0,0,0,0,0,0,0,0,0,0,0,0,0,0,0,0,0,0,0,0,0,0,0,0,0
7,0,1,0,0,0,0,0,0,0,0,0,0,0,0,0,0,0,1,0,0,0,0,0,0
1,0,2,0,0,0,0,0,0,0,0,0,0,0,0,0,0,2,0,0,0,0,0,0,0
0,0,0,0,0,0,0,0,0,0,0,0,0,0,0,1,0,2,0,0,0,0,0,0,0
1,0,0,0,0,0,0,0,0,0,0,0,0,0,0,1,0,0,0,0,0,0,0,0,0
7,0,0,0,0,0,0,0,7,0,0,0,0,0,0,4,0,0,1,0,0,0,1,0,0
3,0,0,0,0,0,0,0,2,0,0,0,0,0,0,1,0,0,0,1,0,0,0,0,0
0,0,1,0,0,0,0,0,0,0,10,0,0,0,0,0,0,0,0,0,0,0,0,0,0
0,0,0,0,0,0,0,0,0,0,2,0,0,0,0,0,0,0,0,0,0,0,0,1,0
0,0,0,0,0,0,0,0,0,0,0,0,0,0,0,0,0,0,0,0,0,0,0,0,0
0,0,8,0,0,0,0,0,0,0,0,0,0,0,0,0,0,0,0,0,0,0,0,0,0
0,0,2,0,0,5,0,0,0,0,0,0,0,0,0,0,0,0,0,0,0,0,0,0,1
0,0,0,0,0,0,0,0,0,0,0,0,0,0,0,0,0,0,0,0,0,0,0,0,0
0,0,0,0,0,0,0,0,0,0,0,0,0,0,0,0,0,0,0,0,0,0,0,0,0
0,0,0,0,0,0,0,0,0,0,0,0,0,0,0,0,0,0,1,0,0,0,6,0,0
0,0,4,0,0,0,0,0,0,0,0,0,0,0,0,0,0,0,0,0,0,0,0,0,0
0,0,0,0,0,0,0,0,0,0,0,0,0,0,0,0,0,0,1,0,0,0,0,0,0
0,0,0,0,0,0,0,0,0,0,0,0,0,0,0,0,0,0,0,0,0,0,0,0,0
0,0,0,0,0,0,0,0,0,0,0,0,0,0,0,0,0,1,0,0,0,0,2,0,0
0,0,0,0,1,0,0,1,0,0,1,0,0,0,0,0,0,0,0,0,0,1,3,0,0
0,0,0,0,0,0,0,0,0,0,0,1,0,0,0,0,0,0,1,0,0,0,4,0,1
0,0,0,0,0,0,0,0,0,0,0,0,0,0,0,0,0,0,0,0,0,0,0,0,1
0,0,0,0,0,0,0,0,0,0,0,0,0,0,0,3,0,0,3,0,0,4,0,0,0
3,0,0,0,0,0,0,1,0,0,0,0,0,0,0,19,0,0,2,0,0,0,0,0,0
0,0,0,0,0,0,0,0,0,0,0,0,0,0,0,0,0,0,3,0,0,0,0,0,0
0,0,0,0,1,0,0,0,0,0,0,0,0,0,0,13,0,0,9,0,0,1,0,0,1
0,0,0,0,0,0,0,0,1,0,0,0,0,0,0,15,0,0,0,0,0,0,0,0,0
0,0,0,0,0,0,0,0,0,0,0,0,0,0,0,5,1,0,0,0,0,0,0,0,0
15,0,0,0,0,0,0,0,0,0,0,0,0,0,0,9,0,0,0,0,0,0,0,0,0
3,0,0,0,0,0,0,0,0,0,0,0,0,0,0,15,0,0,0,0,0,0,0,0,0
4,0,0,0,0,0,0,2,2,0,0,0,0,0,0,4,0,0,0,0,0,0,0,0,0
0,0,0,0,0,0,0,0,0,0,0,0,0,0,0,4,0,0,0,0,0,0,0,0,0
7,0,0,0,10,0,0,0,28,0,0,0,0,0,0,40,0,0,1,0,0,0,0,0,0
8,0,0,0,0,0,0,0,0,0,1,0,0,0,0,4,0,0,0,0,0,0,0,0,0
0,1,0,0,0,0,0,0,0,0,0,0,0,0,0,0,0,0,1,0,0,0,0,0,0
0,0,0,0,0,0,0,0,0,0,0,0,0,0,0,0,0,0,3,0,0,0,0,0,0
0,0,0,4,0,2,0,0,1,0,0,0,0,0,0,0,0,0,0,0,0,0,0,0,0
13,0,0,0,23,0,0,0,0,0,0,0,0,0,0,16,0,0,5,0,0,1,0,0,0
8,0,0,0,0,0,0,0,52,0,4,0,0,0,0,10,0,0,4,0,0,0,0,0,0
8,0,0,0,1,0,0,0,31,0,0,0,0,0,0,20,0,0,5,0,0,0,0,0,0
2,0,0,0,16,0,0,0,0,0,0,0,0,0,0,7,0,0,2,0,0,0,1,0,0
1,0,0,0,7,0,0,0,10,1,0,0,0,0,0,45,0,0,0,0,0,7,0,0,1
0,0,0,0,0,0,0,0,8,0,0,0,0,0,0,2,1,0,8,0,0,0,0,0,0
1,0,0,0,0,0,0,0,1,0,0,0,0,0,0,0,0,0,3,1,0,0,0,0,0
0,0,0,0,0,0,0,0,27,0,0,0,0,0,0,43,0,0,1,0,0,0,0,0,0
2,0,0,0,0,0,0,0,0,0,0,0,0,0,0,18,1,0,12,0,0,0,0,0,0
14,0,0,0,1,0,0,0,30,0,0,0,0,0,0,24,7,0,6,0,0,0,0,0,0
0,0,0,0,5,0,0,0,1,0,0,0,0,0,0,27,1,0,2,0,0,0,0,0,0
5,0,0,0,0,0,0,0,15,0,2,0,0,0,0,0,0,0,10,0,0,0,0,0,0
0,0,0,0,0,0,0,0,0,0,0,0,0,0,0,0,0,0,2,0,0,0,0,0,0
0,0,0,0,0,0,0,0,0,0,0,0,0,0,0,0,0,0,3,0,0,0,0,0,0
0,0,0,0,0,0,0,0,0,0,2,0,0,0,0,16,0,0,1,0,0,3,0,0,0
0,0,0,0,0,0,0,0,1,0,0,0,0,0,0,6,1,0,6,3,0,0,0,0,0
0,0,0,0,0,0,0,0,0,0,0,0,0,0,0,0,0,0,1,0,0,0,0,0,0
0,0,0,0,0,0,0,0,1,0,0,0,0,0,0,9,2,0,3,0,0,0,0,0,0
0,0,0,0,1,0,0,0,0,0,0,0,0,0,0,0,1,0,2,0,0,0,0,0,1
2,0,0,0,0,0,0,0,0,0,0,1,0,0,0,9,2,0,5,0,0,0,0,0,0
0,0,1,0,1,0,0,0,0,0,0,0,0,0,0,47,0,0,1,0,0,0,0,0,0
2,0,0,0,0,0,0,0,14,0,0,0,0,0,0,4,0,0,0,0,0,0,0,0,0
2,0,0,0,0,0,0,0,14,0,0,0,0,0,0,2,0,0,0,0,0,0,0,0,0
0,0,0,0,0,0,0,0,1,0,0,0,0,0,0,0,0,0,1,0,0,0,1,0,0
0,0,0,0,0,0,0,0,0,0,0,0,0,0,0,0,0,0,0,0,0,0,0,0,0
4,0,0,0,2,0,0,2,31,0,0,0,0,0,0,8,0,0,13,0,0,1,3,0,1
2,0,0,0,0,0,0,0,30,0,0,0,0,0,0,15,0,0,5,0,0,0,0,0,0
0,0,0,0,0,0,0,0,37,0,0,0,0,0,0,13,0,0,4,0,0,0,0,0,0
1,0,0,0,1,0,0,0,44,0,0,0,0,0,0,29,1,0,8,0,0,5,0,0,0
0,0,0,0,0,0,0,0,82,0,0,0,0,0,0,33,1,0,6,0,0,0,0,0,0
3,0,0,0,1,0,0,0,9,0,0,0,0,0,0,4,1,0,0,1,0,0,0,0,0
1,1,0,0,0,0,0,0,82,0,0,0,0,0,0,42,1,0,1,0,0,0,0,0,0
4,0,0,0,0,0,0,0,21,0,0,0,0,0,0,34,3,0,4,0,0,0,0,0,1
12,0,0,0,0,0,0,0,39,0,0,2,0,0,1,13,0,0,8,0,0,0,0,0,0
0,0,0,0,0,0,0,0,4,0,0,0,0,0,0,12,0,0,0,0,0,2,0,0,0
1,1,0,0,1,0,0,0,1,0,0,0,0,0,0,5,0,0,1,0,0,1,0,0,0
4,0,0,0,0,0,0,0,3,0,0,0,0,0,0,5,0,0,0,0,0,0,0,0,0
0,0,0,0,1,0,0,0,3,0,0,0,0,0,0,8,6,0,0,0,0,0,0,0,0
0,0,0,0,0,0,0,0,4,0,0,0,0,0,0,12,2,0,1,0,0,0,1,0,0
2,0,0,0,0,0,0,0,3,0,0,0,0,0,0,24,12,0,5,0,0,0,0,0,5
0,2,0,0,0,0,0,0,1,0,0,0,0,0,0,14,0,0,2,0,0,0,0,0,0
0,0,0,0,0,0,0,0,0,0,0,0,0,0,0,5,0,0,0,0,0,1,0,0,0
0,0,0,0,0,0,0,0,2,0,0,0,0,0,0,10,0,0,6,0,0,0,0,0,0
0,1,0,0,0,0,0,0,0,0,0,0,0,0,0,2,0,0,4,0,0,0,0,0,0
1,0,0,0,0,0,0,0,0,0,0,0,0,0,0,16,0,0,1,0,0,0,1,0,0
1,1,0,0,0,0,0,0,0,0,0,0,0,0,0,0,0,0,2,0,0,0,0,0,0
14,0,0,0,0,0,0,0,4,0,0,0,0,0,0,19,0,0,10,0,0,0,0,0,0
2,0,0,0,0,0,0,0,9,0,0,0,0,0,0,21,0,0,0,0,0,5,0,0,0
0,0,0,0,0,0,0,0,4,0,0,0,0,0,0,11,0,0,4,0,0,0,0,0,0
1,0,0,0,1,0,0,0,1,0,0,0,0,0,0,0,0,0,6,0,0,0,0,0,0
5,0,0,0,0,0,0,0,0,0,0,0,0,0,0,4,0,0,11,0,0,0,10,0,0
20,0,0,0,2,0,0,1,7,0,0,0,0,0,0,37,1,0,5,0,0,0,0,0,1
0,0,0,0,0,0,0,0,15,0,0,0,0,0,0,9,0,0,29,0,0,0,0,10,0
0,0,0,0,0,0,0,0,11,0,0,0,0,0,0,46,0,0,6,0,0,0,0,0,0
0,0,0,0,0,0,0,0,0,0,0,0,0,0,0,3,0,0,20,0,0,1,1,0,0
0,0,0,0,0,0,0,0,0,0,0,0,0,0,0,3,0,0,20,0,0,1,1,0,0
1,0,0,0,0,0,0,0,0,0,0,0,0,0,0,8,0,0,2,0,0,0,0,0,0
1,0,0,0,0,0,0,0,2,0,0,0,0,0,0,24,1,0,2,0,0,0,0,0,0
0,0,0,0,0,0,0,0,11,0,0,0,0,0,0,4,0,0,8,0,0,0,0,0,0
0,0,0,0,0,0,0,0,2,0,0,0,0,0,0,0,0,0,13,0,0,0,0,0,0
6,0,0,0,0,0,0,0,0,0,0,0,0,0,0,6,0,0,0,0,0,0,0,0,0
9,0,0,0,0,0,0,0,17,0,0,0,0,0,0,10,0,0,5,0,0,0,0,0,0
2,0,0,0,0,0,0,0,37,0,0,0,0,0,0,28,0,0,1,0,0,0,0,0,0
0,0,0,0,0,0,0,0,4,0,0,0,0,0,0,0,0,0,5,0,0,0,0,0,0
3,0,0,0,0,0,0,0,2,0,0,0,0,0,0,1,0,0,9,0,0,0,0,0,0
0,0,1,0,0,0,0,0,9,0,0,0,0,0,0,10,0,0,6,0,0,0,0,0,0
0,0,0,0,0,0,0,0,0,0,0,0,0,0,0,6,0,0,3,0,0,0,0,0,0
8,0,0,0,0,0,0,0,0,0,0,0,0,0,0,0,0,0,1,0,0,0,0,1,0
1,0,0,0,0,0,0,0,0,0,0,0,0,0,0,0,0,0,3,0,0,0,0,0,0
1,0,0,0,0,0,0,0,0,0,0,0,0,0,0,2,0,0,5,0,0,1,0,0,0
1,0,0,0,0,0,0,0,0,0,0,0,0,0,0,2,0,2,2,0,0,0,0,2,0
5,0,0,0,0,0,0,0,0,0,0,0,0,0,0,0,1,0,3,0,0,0,0,0,0
12,0,0,0,0,0,0,0,0,0,0,0,0,0,0,40,1,0,16,0,0,0,0,0,0
18,0,0,0,0,0,0,0,0,0,0,0,0,0,0,52,0,0,0,1,0,0,0,0,0
5,0,0,0,0,0,0,0,0,0,0,0,0,0,0,4,0,0,0,0,0,0,0,2,0
3,0,0,0,0,0,0,0,0,0,0,0,0,0,0,3,0,2,1,0,0,0,0,0,0
7,0,0,0,1,0,0,0,0,0,0,0,0,0,0,37,0,0,1,0,0,0,0,0,6
0,0,0,0,0,0,0,0,0,0,0,0,0,0,0,0,0,0,2,0,0,0,2,1,0
0,1,0,0,0,0,0,0,0,0,0,0,0,0,0,0,0,0,0,0,0,0,0,0,1
1,0,0,0,0,0,0,0,0,0,0,0,0,0,0,2,0,0,1,0,0,0,1,0,1
0,0,0,0,0,0,0,0,0,0,0,0,0,0,0,6,0,9,4,0,0,0,0,0,0
0,0,0,0,0,0,0,0,0,0,0,0,0,1,0,1,0,0,0,0,0,0,1,0,0
0,0,0,0,0,0,0,0,0,0,0,0,0,0,0,7,0,0,0,0,0,0,0,0,1
0,0,0,0,0,0,0,0,0,0,0,0,0,0,0,1,0,0,0,1,0,0,1,0,2
0,0,0,0,0,0,0,0,0,0,0,0,0,0,0,9,0,0,0,4,0,0,3,0,3
0,0,4,0,0,0,0,0,32,0,0,0,0,0,0,6,0,0,0,0,0,0,0,0,0
0,0,0,0,0,0,0,0,0,0,0,0,0,0,0,0,0,0,11,2,0,0,0,0,0
4,0,0,0,0,0,2,0,0,0,0,0,0,0,0,0,3,1,3,5,0,0,4,0,12
0,0,1,0,3,0,0,0,0,0,0,0,0,0,0,0,0,0,0,0,0,1,0,0,0
0,0,0,0,0,0,0,0,7,0,0,0,0,0,0,0,1,0,0,0,0,0,17,0,0
0,0,0,0,1,0,0,0,0,0,0,0,0,0,0,0,0,0,0,0,0,0,0,0,0
0,0,0,0,0,0,0,0,0,0,0,0,0,0,0,0,0,0,0,0,0,0,1,0,0
0,0,2,0,1,0,0,0,0,0,0,0,0,0,0,0,0,0,2,0,0,0,0,0,0
0,0,1,0,0,0,0,0,0,0,0,0,0,0,0,0,1,0,0,0,0,0,1,0,0
15,0,0,0,4,0,0,0,0,0,0,0,0,0,0,2,2,0,0,0,0,0,6,0,2
11,0,2,0,0,0,0,0,0,0,0,0,0,0,0,2,0,0,3,2,0,0,0,0,4
1,0,0,0,0,0,0,0,0,0,0,0,0,0,0,0,0,0,0,0,0,0,0,0,1
3,0,0,0,0,0,0,0,0,0,0,0,0,0,0,9,0,0,0,3,0,0,0,2,0
0,0,0,0,0,0,0,0,0,0,0,0,0,0,0,0,0,1,1,0,0,0,0,0,0
0,0,0,0,0,0,0,0,0,0,0,0,0,0,0,0,0,0,0,0,0,0,0,0,0
0,0,1,0,0,0,0,0,0,0,0,0,0,0,0,0,0,1,0,0,0,2,0,0,0
0,0,0,2,0,2,0,0,0,0,0,0,0,0,0,0,0,0,0,2,0,0,0,0,1
0,0,1,0,0,0,0,0,0,0,0,0,0,0,0,0,0,0,0,0,0,3,0,0,0
13,0,0,0,0,0,0,0,0,0,0,0,0,1,0,13,0,1,9,0,0,0,3,4,0
5,0,0,0,0,0,0,0,0,0,0,0,0,0,0,10,0,0,1,0,0,0,0,0,1
2,0,0,0,0,0,0,0,0,0,0,0,0,1,0,20,0,0,2,5,0,0,0,0,3
2,0,0,0,0,0,0,1,0,0,0,0,0,0,0,5,0,0,0,0,0,0,0,0,0
0,0,0,0,0,0,0,0,0,0,0,0,0,0,0,5,0,0,0,0,0,0,2,0,0
0,0,0,0,0,0,0,0,0,0,0,0,0,0,0,5,0,0,0,0,0,0,0,0,0
0,0,0,0,0,0,0,0,0,0,0,0,0,0,0,1,0,0,0,0,0,0,0,0,0
1,0,0,0,0,0,1,0,1,0,0,0,0,0,0,16,0,0,4,0,0,0,0,0,2
1,0,0,0,0,0,0,0,0,0,0,0,0,0,0,6,3,0,2,1,0,0,1,0,1
4,0,0,0,0,0,0,0,0,0,0,0,0,0,0,35,0,0,1,0,0,0,1,0,0
8,0,0,0,0,0,0,1,0,0,0,1,0,0,0,19,1,1,1,1,0,1,0,0,2
3,0,0,0,0,0,0,0,6,0,0,0,0,0,0,11,0,0,0,0,0,0,0,0,0
17,0,0,0,12,0,0,0,2,0,0,0,0,0,0,17,1,0,4,0,0,1,0,0,2
17,0,3,2,0,0,0,0,0,0,0,0,0,0,0,6,1,0,0,0,0,0,0,0,0
1,0,0,0,9,0,0,0,12,0,0,0,0,0,0,20,0,0,10,0,0,0,0,0,1
19,0,0,0,15,0,0,0,15,0,0,0,0,0,0,31,0,0,2,0,0,1,0,0,0
1,0,0,0,2,0,0,0,0,0,0,0,0,0,0,12,0,0,2,0,0,0,0,0,0
9,0,0,0,11,0,0,0,1,0,0,0,0,0,0,16,0,0,3,0,0,0,0,0,1
8,0,0,0,3,0,0,0,0,0,0,0,0,0,0,3,0,0,0,0,0,0,0,0,0
10,0,0,0,0,0,0,0,0,0,0,0,0,0,0,2,0,0,2,0,0,0,4,0,1
17,0,0,0,0,0,0,0,0,0,0,0,0,0,0,2,1,0,2,0,0,0,12,0,27
2,0,0,0,0,0,0,0,0,0,0,0,0,0,0,21,0,0,9,0,0,0,0,0,0
7,0,0,0,0,0,0,0,0,0,0,0,0,0,0,8,0,0,17,0,0,0,0,0,0
0,0,0,0,0,0,0,0,0,0,0,0,0,0,0,50,0,0,6,0,0,0,0,0,0
0,0,0,0,0,0,0,0,2,0,0,0,0,0,0,82,0,0,36,0,0,0,0,0,0
0,0,0,0,0,0,0,0,0,0,0,0,0,0,0,0,0,0,0,0,0,0,0,0,0
0,0,0,0,0,0,0,0,0,0,0,0,0,0,0,0,0,0,0,0,0,0,0,0,0
0,0,0,0,0,0,0,0,0,0,0,0,0,0,0,0,0,0,0,0,0,0,0,0,0
13,0,0,0,8,0,0,0,2,0,0,0,0,0,0,37,0,0,10,0,0,3,0,0,2
35,0,0,0,2,0,0,0,2,0,0,0,0,0,0,29,0,0,3,0,0,0,0,0,0
1,0,0,0,0,0,0,0,0,0,0,0,0,0,0,18,0,0,1,0,0,0,0,0,1
2,0,0,0,2,0,0,0,0,0,0,0,0,0,0,41,0,0,0,0,0,0,0,0,0
0,0,0,0,0,0,0,0,0,0,0,0,0,0,0,4,0,0,2,0,0,0,0,0,0
1,0,0,0,0,0,0,0,2,0,0,0,0,0,0,7,0,0,1,0,0,0,0,0,0
0,0,0,0,0,0,0,0,1,0,0,0,0,0,0,12,0,0,2,0,0,0,0,0,0
0,0,0,0,0,0,0,0,0,0,0,0,0,0,0,0,0,3,0,0,0,0,0,0,0
0,0,0,0,0,0,0,0,0,0,0,0,0,0,0,0,0,6,0,0,0,0,0,0,0
4,0,12,0,0,0,0,0,16,0,0,0,0,0,0,1,0,0,0,1,0,0,4,0,1
1,0,2,0,0,0,0,0,23,0,0,0,0,0,0,0,0,0,0,0,0,0,1,0,0
6,0,3,0,0,0,0,0,5,0,0,0,0,0,0,1,0,0,0,0,0,0,9,0,3
0,0,2,0,0,0,0,0,5,0,0,0,0,0,0,0,0,0,0,0,0,0,2,0,0
10,0,8,0,0,0,0,0,10,0,0,0,0,2,0,5,1,0,0,0,0,0,2,0,1
1,0,10,0,0,0,0,0,3,0,0,0,0,0,0,0,1,0,0,0,0,0,0,0,0
52,0,0,0,0,0,0,0,5,0,0,0,0,0,0,21,0,0,6,0,0,0,0,0,0
4,0,0,0,0,0,0,0,23,0,0,0,0,0,0,11,0,2,5,0,0,0,0,0,1
10,0,0,0,7,0,0,0,28,0,0,0,0,0,0,24,0,0,4,0,0,1,1,0,4
3,0,0,0,0,0,0,0,8,0,0,0,0,0,0,15,0,0,9,0,0,0,0,0,1
5,0,0,0,0,0,0,0,16,0,0,0,0,0,0,6,0,0,17,0,0,0,2,0,0
0,0,0,0,0,0,0,0,16,0,0,0,0,0,0,12,0,0,5,0,0,0,0,0,1
6,0,0,0,0,0,0,0,0,0,0,0,0,0,0,19,0,0,11,0,0,0,0,0,1
2,0,0,0,2,0,0,0,0,0,0,0,0,0,0,14,0,0,2,0,0,0,0,0,0
9,0,0,0,0,0,0,0,0,0,0,0,0,0,0,8,0,0,2,0,0,0,0,0,0
4,0,0,0,0,0,0,0,0,0,0,0,0,0,0,6,0,0,25,0,0,0,0,0,0
0,0,0,0,0,0,0,0,2,0,0,0,0,0,0,7,0,0,7,0,0,0,2,0,2
0,0,5,0,0,0,0,0,5,0,0,0,0,0,0,1,0,0,0,0,0,0,0,0,0
57,0,0,0,7,0,0,0,0,0,0,0,0,0,0,4,1,9,26,0,0,0,0,0,0
9,0,1,0,1,0,0,0,0,0,0,0,0,0,0,9,0,0,10,0,0,0,0,0,1
3,0,0,0,9,0,0,0,0,0,0,0,0,0,0,5,0,0,14,0,0,0,0,0,0
16,0,0,0,0,0,0,0,0,0,0,0,0,0,0,1,0,0,10,0,0,0,0,0,0
0,0,0,0,0,0,0,0,0,0,0,0,0,0,0,9,0,0,0,0,0,0,1,0,0
0,0,0,0,0,0,0,0,0,0,0,0,0,0,0,2,0,0,0,1,0,0,7,0,0
0,0,0,0,0,0,0,0,0,0,0,0,0,0,0,0,0,0,0,1,0,0,0,0,0
0,0,0,0,0,0,0,0,0,0,0,0,0,0,0,0,0,1,0,0,0,0,3,0,1
0,0,0,0,0,0,0,0,0,0,0,0,0,0,0,3,0,0,0,0,0,0,1,1,1
0,0,0,0,0,0,0,0,0,0,0,0,0,0,0,0,0,0,2,0,0,0,3,0,0
0,0,1,0,0,0,0,0,0,0,0,0,1,0,0,20,0,0,16,0,0,0,1,0,1
0,0,0,0,0,0,0,0,0,0,0,0,0,0,0,5,0,0,2,0,0,0,0,0,0
0,0,0,0,0,0,0,0,0,0,0,0,0,0,0,6,0,0,0,0,0,0,0,0,1
3,0,0,0,0,0,0,0,1,0,0,0,0,0,0,2,0,0,4,0,0,0,0,0,0
0,0,0,0,0,0,0,0,0,0,0,0,0,0,0,0,0,2,0,3,0,0,0,0,0
0,0,0,0,0,0,0,0,0,0,0,0,0,0,0,0,0,0,0,1,0,0,0,0,0
1,0,12,0,0,0,0,0,1,0,0,0,0,0,0,28,0,0,18,0,0,0,2,0,5
0,0,0,0,0,0,0,0,0,0,0,0,0,0,0,5,0,0,0,0,0,0,4,0,0
0,0,0,0,0,0,0,0,0,0,0,0,0,0,0,11,0,0,0,0,0,0,6,0,0
0,0,0,0,0,0,0,0,0,0,0,0,0,0,0,10,0,0,0,0,0,0,27,0,1
1,0,0,0,0,0,0,0,0,0,0,0,0,0,0,8,0,0,15,0,1,0,12,0,6
0,0,0,0,0,0,0,0,0,0,0,0,0,0,0,1,0,0,0,0,0,0,5,0,3
0,0,0,0,0,0,0,1,0,0,0,0,0,0,0,4,0,0,0,1,0,0,5,0,3
0,0,0,0,0,0,0,0,0,0,0,0,0,0,0,0,0,0,0,0,0,0,4,0,0
0,0,0,0,0,0,0,1,0,0,0,0,0,0,0,2,0,0,0,0,0,0,1,0,1
0,0,0,0,0,0,0,1,0,0,0,0,0,0,0,0,0,1,6,0,0,0,2,0,3
0,0,0,0,0,0,0,0,0,0,0,1,0,0,0,1,0,0,0,0,0,0,6,0,0
0,0,0,0,0,0,0,0,0,0,0,0,0,1,0,5,0,1,0,0,0,0,3,0,3
0,0,0,0,0,0,0,0,0,0,0,0,0,0,0,3,0,0,2,0,0,0,5,0,1
1,0,1,0,0,0,0,0,0,0,0,0,0,0,0,23,0,1,2,0,0,0,2,8,1
0,0,0,0,0,0,0,0,8,0,0,0,0,0,0,0,0,0,0,0,0,0,3,0,0
0,0,2,0,0,0,0,1,0,0,0,0,0,0,0,1,0,0,0,0,0,0,1,0,0
0,0,0,0,0,0,0,1,0,0,0,0,0,0,0,10,0,0,5,0,0,0,1,0,2
0,0,0,0,0,0,0,0,0,0,0,0,0,0,0,1,1,0,2,0,0,0,0,0,0
0,0,0,0,0,0,0,0,0,0,0,0,0,0,0,7,0,0,2,1,0,0,0,0,2
0,0,0,0,0,0,0,4,0,0,0,0,0,0,0,4,1,1,2,0,0,0,0,0,3
0,0,0,0,0,0,0,0,1,0,0,0,0,0,0,1,0,1,4,1,0,0,3,0,0
0,0,0,0,0,0,0,0,0,0,0,0,0,0,0,7,0,0,1,1,0,0,1,0,1
0,0,0,0,0,0,0,1,0,0,0,0,0,0,0,6,1,0,11,0,0,0,1,0,4
16,0,1,0,0,0,0,0,0,0,0,0,0,2,0,15,0,0,9,0,0,0,0,0,0
0,0,0,0,0,0,0,0,0,0,0,0,0,0,0,0,0,0,0,0,0,0,0,0,0
0,0,0,0,0,0,0,0,0,0,0,0,0,0,0,5,0,0,0,0,0,0,23,0,0
0,0,0,0,0,0,0,0,0,0,0,0,0,0,0,0,0,0,0,0,0,0,6,0,0
0,0,0,0,0,0,0,0,0,0,0,0,0,0,0,8,0,0,0,0,0,0,1,0,0
0,0,0,0,0,0,0,0,0,0,0,0,0,0,0,0,0,0,0,0,0,0,0,14,1
0,0,0,0,0,0,0,0,0,0,0,0,0,0,0,1,0,0,0,0,0,0,0,0,0
0,0,0,0,0,0,1,0,0,0,0,0,0,0,0,4,0,0,5,0,0,0,3,0,1
0,0,0,0,0,0,0,0,0,0,0,0,0,0,0,0,0,0,4,0,0,0,0,0,0
0,0,0,0,1,0,0,0,0,0,0,0,0,0,0,1,0,0,8,0,0,0,0,0,0
0,0,0,0,0,0,0,0,0,0,0,0,0,0,0,0,0,0,0,0,0,0,0,2,2
0,0,0,0,0,0,1,0,0,0,0,1,0,0,0,0,0,0,2,0,0,0,2,0,5
0,0,0,0,0,0,0,0,0,0,0,0,0,0,0,0,1,0,0,0,0,0,0,0,0
0,0,0,0,0,0,0,0,0,0,0,0,0,0,0,0,0,0,0,0,0,0,0,0,1
0,0,0,0,0,0,0,0,0,0,0,0,0,0,0,0,0,0,1,0,0,0,0,0,0
0,0,0,0,0,0,0,0,0,0,0,0,0,0,0,0,0,0,3,0,0,0,0,0,0
0,0,1,0,0,0,0,0,0,0,0,0,0,1,0,0,0,0,2,0,0,0,0,0,0
0,0,0,0,0,0,0,0,0,0,0,0,0,0,0,0,0,0,1,0,0,0,0,0,1
0,0,0,0,0,0,4,0,0,0,0,1,0,0,0,1,3,0,0,1,0,0,13,0,2
0,0,0,0,0,0,0,0,0,0,0,0,0,0,0,0,0,0,0,0,0,0,0,0,0
0,0,0,0,0,5,0,0,0,0,0,0,0,0,0,1,0,0,0,0,0,0,0,0,1
0,0,1,0,5,5,0,0,0,0,0,0,0,1,0,0,0,0,9,0,0,0,0,0,2
0,0,9,0,0,0,0,0,0,0,0,0,0,0,0,1,0,0,0,0,0,0,0,0,0
0,0,0,0,0,2,0,0,0,0,0,0,0,0,0,12,0,0,0,0,0,0,0,0,4
0,0,1,0,0,0,0,0,0,0,0,0,0,0,0,6,0,0,1,0,0,0,0,0,0
0,0,0,0,0,2,0,0,0,0,0,0,0,0,0,0,0,0,3,0,0,0,0,0,0
0,0,0,0,0,0,0,0,0,0,0,0,0,0,0,0,0,0,4,0,0,0,0,0,0
0,0,0,0,1,0,0,0,0,1,0,0,0,0,0,0,0,0,1,0,0,0,2,0,3
0,0,0,0,0,1,0,0,0,0,0,0,0,0,0,0,0,0,0,0,0,0,1,0,0
0,0,0,0,0,0,0,0,0,0,0,0,0,0,0,0,0,0,0,0,0,0,0,0,0
0,0,0,0,0,0,0,0,0,0,0,0,0,0,0,0,0,0,0,0,0,0,0,0,0
0,0,0,0,0,0,0,0,0,0,0,0,0,0,0,0,0,0,0,0,0,0,0,0,0
0,0,0,0,0,0,0,0,0,0,0,0,0,0,0,0,0,0,0,0,0,0,1,0,0
0,0,0,0,0,0,0,0,0,0,0,0,0,0,0,0,0,0,0,0,0,0,3,0,0
0,0,0,0,0,0,0,1,0,0,0,0,0,0,0,0,0,0,0,0,0,0,0,0,0
0,0,0,0,0,0,0,0,0,0,0,0,0,0,0,0,0,0,0,0,0,0,2,0,0
0,0,0,0,0,0,0,0,0,0,0,0,0,0,0,0,0,0,0,0,0,0,0,0,0
0,0,0,0,0,0,0,0,0,0,0,0,0,0,0,0,0,0,0,0,0,0,4,0,0
0,0,0,0,0,0,0,0,0,0,0,0,0,0,0,1,0,0,0,0,0,0,0,0,0
0,0,0,0,0,0,0,0,0,0,0,0,0,1,0,0,0,0,0,0,0,0,2,0,0
0,0,0,0,0,0,0,0,0,0,0,0,0,0,0,0,0,0,0,0,0,0,2,0,0
0,0,0,0,0,0,0,0,0,0,0,0,0,0,0,0,0,0,0,0,0,0,1,0,0
0,0,0,0,0,0,0,0,0,0,0,0,0,0,0,0,0,0,0,0,0,0,0,0,0
0,0,0,0,0,0,0,0,0,0,0,0,0,0,0,0,0,0,0,0,0,0,0,0,0
0,0,0,0,0,0,0,0,0,0,0,0,0,0,0,0,0,0,0,0,0,0,1,0,1
0,0,0,0,0,0,0,0,0,0,0,0,0,0,0,0,0,0,0,0,0,0,8,0,0
0,1,0,0,0,0,0,0,0,0,0,0,0,0,0,0,0,0,4,0,0,0,4,0,0
0,0,0,0,0,0,0,0,0,0,0,1,0,0,0,0,0,0,0,0,0,0,0,0,0
0,0,0,0,0,0,0,0,0,0,0,0,0,0,0,0,0,0,0,0,0,0,0,0,0
0,0,0,0,0,0,0,0,0,0,0,0,0,0,0,0,0,0,0,0,0,0,0,0,0
0,0,0,0,0,0,0,0,0,0,0,0,0,0,0,0,0,0,0,0,0,0,0,0,0
0,0,0,0,0,0,0,0,0,0,0,0,0,0,0,0,0,0,0,0,0,0,6,0,0
0,0,0,0,0,0,0,0,0,0,0,0,0,0,0,0,0,0,0,0,0,0,2,0,0
0,0,1,0,0,0,0,0,0,0,0,0,0,0,0,0,0,0,0,0,0,0,1,0,1
0,0,0,0,0,0,0,0,0,0,0,0,0,0,0,0,0,0,0,0,0,0,1,0,0
0,0,0,0,0,0,0,0,0,0,0,0,0,0,0,0,0,0,0,0,0,0,0,0,0
0,0,0,0,0,0,0,0,0,0,0,0,0,0,0,0,0,0,0,0,0,0,0,0,0
0,0,0,0,0,0,2,0,0,0,0,1,0,0,0,0,0,0,0,0,0,0,2,0,0
0,0,0,0,0,0,2,0,0,0,0,1,0,0,0,0,0,0,0,0,0,0,2,0,0
0,0,0,0,0,0,0,0,0,0,0,0,0,0,0,0,0,0,2,0,0,0,1,0,1
0,0,0,0,0,0,0,0,0,0,0,0,0,0,0,0,0,0,0,0,0,0,1,0,0
0,0,0,0,0,0,0,0,0,0,0,0,0,0,0,0,0,0,0,0,0,0,0,0,0
0,0,2,0,0,0,0,0,0,0,0,0,0,0,0,0,1,0,0,0,0,0,0,0,0
0,0,0,0,0,0,0,0,0,0,0,0,0,0,0,0,6,0,0,4,0,0,4,0,0
0,0,1,0,0,0,0,0,0,0,0,0,0,0,0,0,0,0,0,0,0,0,16,0,0
0,0,0,0,0,0,0,0,0,0,0,0,0,0,0,0,0,0,0,0,0,0,0,0,0
0,0,0,0,0,0,0,0,0,0,0,0,0,0,0,0,0,0,0,0,0,0,0,0,0
0,0,0,0,0,0,0,0,0,0,0,0,0,0,0,0,0,0,0,0,0,0,0,0,3
0,0,1,0,0,0,0,0,0,0,0,0,0,0,0,0,2,0,0,0,0,0,0,0,0
0,0,0,0,0,0,1,0,0,0,0,0,0,0,0,0,2,0,0,0,0,0,0,0,0
0,0,0,0,0,0,0,0,0,0,0,0,0,0,0,1,0,0,0,0,0,0,0,0,3
0,0,0,0,0,0,0,0,0,0,0,0,0,0,0,0,2,0,0,0,0,0,6,0,0
0,0,0,0,0,0,0,0,0,0,0,0,1,0,0,2,0,0,0,1,0,0,1,0,0
0,0,2,0,0,0,0,0,0,0,0,0,0,0,0,7,0,0,12,0,0,0,0,0,0
0,0,1,0,0,0,0,0,0,0,0,0,0,0,0,0,0,0,0,0,0,0,16,0,0
0,0,5,0,0,0,0,1,0,0,0,0,0,0,0,0,0,0,9,0,0,2,0,0,2
0,0,0,0,0,0,0,0,0,0,0,0,0,0,0,0,0,0,1,0,0,0,0,0,0
0,0,0,0,0,0,0,0,1,0,0,0,0,0,0,4,0,0,0,0,0,0,0,0,0
0,0,2,0,0,0,0,0,0,0,0,0,0,0,0,6,0,0,0,0,0,0,0,0,0
0,0,0,0,0,0,0,0,0,0,0,0,0,0,0,4,0,0,9,0,0,0,0,0,0
0,0,0,0,0,1,0,0,0,0,0,0,0,0,0,0,0,0,0,0,0,0,6,0,0
0,0,0,0,0,0,0,3,13,0,0,0,0,0,0,47,0,0,14,0,0,0,0,0,0
0,0,0,0,0,0,0,0,15,0,0,0,0,0,0,0,0,0,75,0,0,0,0,0,0
0,0,0,3,0,0,0,0,0,0,0,0,0,0,0,5,0,0,13,0,0,0,0,0,0
0,0,0,0,0,0,0,0,12,0,0,0,0,0,0,2,0,0,21,0,0,0,0,0,0
0,0,0,0,0,0,0,0,1,0,0,0,0,0,0,0,0,0,0,0,0,0,0,0,0
0,0,0,0,1,0,0,0,1,0,0,0,0,0,0,3,0,0,0,0,0,0,0,0,0
0,0,2,1,0,0,0,0,0,0,0,0,0,0,0,0,0,0,0,0,0,0,0,0,0
1,0,0,0,0,0,0,0,0,0,0,0,0,0,0,0,0,0,1,0,0,0,0,0,0
0,0,0,0,0,0,0,0,0,0,0,0,0,0,0,0,0,0,0,0,0,0,0,0,0
0,0,0,0,0,2,0,0,1,0,0,0,0,0,0,0,0,0,0,0,0,1,0,0,0
0,0,0,0,1,1,0,0,2,0,0,0,0,0,0,1,0,0,1,0,0,0,3,0,0
0,0,0,0,0,0,0,0,0,0,0,0,0,0,0,0,0,0,0,0,0,0,1,0,0
0,0,0,0,0,0,0,0,0,0,0,0,0,0,0,0,0,0,0,0,0,0,0,0,0
0,0,0,0,0,0,0,0,0,0,0,0,0,0,0,0,0,0,0,0,0,0,0,0,0
0,0,0,0,0,0,0,0,0,0,0,0,0,0,0,0,0,0,0,0,0,0,0,0,0
0,0,0,0,0,0,0,0,0,0,0,0,0,0,0,0,0,0,0,0,0,0,2,0,0
0,0,0,0,0,0,0,0,0,0,0,0,0,0,0,0,0,0,0,0,0,0,0,0,0
0,0,0,0,0,0,0,0,5,0,0,0,0,0,0,0,0,0,0,0,1,0,0,0,0
0,0,3,0,0,0,0,1,4,0,0,1,0,0,0,0,0,0,0,0,1,0,0,0,0
0,0,0,0,0,0,0,0,0,0,0,0,0,0,0,0,0,0,0,0,0,1,0,0,0
0,0,0,0,0,0,0,0,0,0,0,0,0,0,0,0,0,0,1,0,0,1,0,0,0
0,0,1,0,0,0,0,0,0,0,0,0,0,0,0,0,0,0,0,0,0,0,0,0,0
0,0,0,0,0,0,0,0,0,1,0,0,0,0,0,0,0,0,1,0,0,0,1,0,0
0,0,0,0,0,0,0,0,0,0,0,0,0,0,0,0,0,0,0,0,0,0,0,0,0
0,0,0,0,0,0,0,0,0,0,0,0,0,0,1,0,0,0,0,0,0,0,1,0,0
0,0,0,0,0,0,0,0,0,0,0,0,0,0,0,0,0,0,0,0,0,0,0,0,0
0,0,0,0,0,0,0,0,0,0,0,0,0,0,0,0,0,0,0,0,0,0,2,0,0
0,0,0,0,0,0,0,0,0,0,0,0,0,0,0,0,0,0,0,0,0,0,12,0,0
0,0,0,0,0,0,0,0,1,0,0,0,0,0,0,0,0,0,0,0,0,0,2,0,0
0,0,0,0,0,2,0,0,0,0,0,0,0,0,1,0,0,0,1,0,0,0,0,0,0
0,0,0,0,0,0,0,0,0,0,0,0,0,0,0,0,0,0,4,0,0,0,0,0,0
0,0,0,0,0,0,0,0,0,0,0,0,0,0,0,0,0,0,0,0,0,0,0,0,0
0,0,0,0,1,0,0,0,0,0,0,0,0,0,0,0,0,0,0,0,0,0,0,0,0
0,0,0,1,0,0,0,0,0,0,0,0,0,0,0,0,0,0,0,0,0,0,0,0,0
0,0,0,0,0,0,0,0,0,0,0,0,0,0,0,0,0,0,0,0,0,0,0,0,0
0,0,4,0,0,0,0,1,4,0,0,0,0,0,0,0,0,0,7,0,0,0,0,0,0
0,0,9,0,0,0,0,0,4,0,0,0,0,0,0,0,0,0,1,0,0,0,2,0,0
7,0,5,0,0,0,0,0,14,0,0,0,0,0,0,0,0,0,5,0,0,0,0,0,0
0,0,4,0,0,0,0,0,17,0,0,0,0,0,0,0,0,0,1,0,0,0,7,0,0
0,0,4,0,0,0,0,0,17,0,0,0,0,0,0,1,0,0,0,0,0,0,7,0,0
0,0,0,0,0,0,0,0,7,2,0,0,0,0,0,1,0,0,7,0,0,9,2,1,0
0,0,0,1,0,0,0,0,26,5,0,0,0,0,0,4,0,0,15,0,0,8,0,0,0
0,0,0,0,1,0,0,0,3,0,0,0,0,0,0,0,0,0,5,0,0,4,0,0,0
0,0,1,0,0,0,0,0,1,0,0,0,0,0,0,0,0,0,27,0,0,1,1,0,0
0,0,0,0,1,0,0,0,0,0,0,0,0,0,0,0,0,0,0,0,0,0,0,0,0
