id_transect,axe1_1000,axe2_1000,axe3_1000,axe4_1000,axe1_5000,axe2_5000,axe3_5000,axe1_10000,axe2_10000,axe3_10000
105_PDBSE NOUVELLES PLANTATIONS,-0.9288014891716645,2.083063799090684,0.15128233777539496,-2.122724182237426,-0.5510965417356762,0.24587658056003742,-0.8111726574226178,-0.4299113169707212,1.8784749751689456,-0.11480406020298801
106_PDR PRAIRIE BOUCLE,-1.2098499533058977,0.12064323102129877,0.018948399685994946,-0.47826036587817755,-1.032391282725657,0.14075312340801585,-0.7106627722646682,-0.6523218345565556,1.3911597456215328,-0.18393889831360447
1081_gs Langevin,-0.447304562803881,-1.0018271622359667,-0.43338709084585125,0.6818390513345253,-1.7307706461199017,0.18295651696382778,-0.26832592764083757,-2.478583000318215,0.1667617413367909,0.1385830325334068
109_PDB PARCELLE NORD PRAIRIE,-1.3647749395755728,-0.96545536102506,-0.05392863619650831,0.43145371571891994,-1.6244624173889441,0.10707207338177789,-0.3193276288279648,-0.8768760438193766,0.6914053325301206,-0.21668915453516707
10_Malnoue Nord1,0.546988613111848,-0.18776058683995392,1.051101995572098,-1.4145384949618056,-0.9534579158978466,0.345338752008187,-0.8908485954176768,-0.705459874241197,0.7871343574290258,-0.5102113543596241
110_PDL ORCHIDEES PROTEGEES,-0.08076297479712559,-0.9636766526330375,-0.6553046415602142,0.6410857707577997,-1.825321576832887,0.15937553190766054,-0.30084723345944225,-0.6663861862486634,0.8532989780869995,-0.2744923449466664
111_Lilas - Prairie pâturée,-0.356864284096585,-0.9752403661427205,-0.4670092721329756,0.6802229582640507,-1.8113529925082401,0.21358805104499723,-0.10963789234836041,-2.451847874342997,0.14160499586528769,0.10848640190169062
111_Lilas - Talus long rue Paul Armangot,-0.34113676160179657,-0.9706169346407648,-0.472856153855096,0.6799419204291052,-1.8206094808773141,0.17947896584431441,-0.17665896602525807,-2.5072140841819652,0.15047272338010775,0.14403469412382097
1122_Bassin de rétention,-0.21510105994751888,-0.3336043810061454,-0.3908252111826351,1.0649158369013207,1.319915442090045,-0.7643787350510571,4.427046197400216,1.5002028851676115,-1.645555121170239,1.8445086138152136
1137_montreau gestion 3,-1.2334704860323888,-0.9231433726046087,-0.10227705294455207,0.425871762953177,-1.8034349178310247,0.22810422521139234,-0.6466001276675714,-2.6752849764961772,0.18607574966227214,0.10058263692906921
113_PSB PRAIRIE BOUCLE,-0.19347898271066113,-0.37801179524378203,-0.3226405127120017,0.07493511636571852,-0.31891518688084647,0.6244796212697616,-0.7464262673772326,-0.16360863420871388,2.1969636043429426,-0.16512485118294432
1140_Prairie,3.2491093285575765,-0.18522002456780415,-2.13980151515072,0.4831712430431685,3.076755542118076,-1.8072235698377055,0.6213100779454053,2.2109619355982146,-1.1000784505778727,-0.6788736208018216
1141_Prairie du lavoir,3.2305782252618496,-0.17180395227938033,-2.109703486542895,0.49276660942203554,3.065147336328714,-1.8078879836430755,0.6257150017366675,2.2111499668511634,-1.0659023805810757,-0.7152790595161647
1142_Centre parking,3.268738844023519,-0.19943132080177106,-2.171683573580988,0.47300712114877597,3.0465265428988277,-1.809032705311293,0.6302146901290713,2.198594190076954,-1.0505972456395092,-0.7379656326414085
1145_Transect 2021,-1.4103464139434283,-1.284933292507688,-0.07536555255643951,0.6990478136743029,-0.06718051183651187,-0.3999894634542705,4.674606692479114,0.8518708658281575,-1.8337091820696714,3.2424063710987108
1149_Transect 2021,-0.4311430297009384,-0.5271871776794714,-0.41810350422845877,0.22559288744433958,0.07856529715201957,-0.3153285110515936,1.948162423876707,0.9569641498821043,-1.7424264663234608,2.8520147324337026
114_BDB PRAIRIE RONCIER SUD TERRAIN BICROSS,-0.653249044780596,-1.0733094596372201,-0.37028573546127924,0.6801459959425525,-1.583482052249639,0.15851170478491527,-0.37813688122873285,-0.5165103349042003,1.283181790446355,-0.13966256331097818
1150_Transect 2021,-0.8943475040484007,0.9090348102628888,0.14510929220666954,0.9459987189799224,-0.3155287468606881,-0.3584420778490123,4.595696074714601,0.8928433684579936,-1.7395900388033254,3.3043642589426945
1152_Transect 2021,0.2593375395295535,0.17429522755281582,-0.6909419613219587,-0.318234899753884,0.27453781702255964,-0.37324042770520427,2.4952577968125897,0.8901739193259505,-1.8258748151895228,2.877685862991046
1153_Transect 2021,0.46856131086869135,0.10851832442993446,-0.7976932482019456,-0.22707968499471207,0.25884409079762677,-0.36266084656356223,2.35641110088698,0.8936568103431967,-1.8213336931169057,2.8558510042602485
1154_Transect 2021,-0.2768621991264397,4.279968109271233,0.4206005293312677,-0.47459353889021183,-1.0009293233864023,-0.19963358140441764,4.09252142159621,1.023205007405455,-1.306824522470581,2.7624796938797753
1157_Transect 2021,0.33804409279186537,-0.8333728282811113,-0.8021416153819436,0.6371524897342363,-0.04023873360817199,-0.2512593522574171,0.7810711710450469,1.0582698086200175,-1.6297652869307417,2.6798814342819073
1158_Transect 2021,0.0904480375157071,-0.8888387265073125,-0.6887852742811152,0.6500829844856685,-0.07611952162570934,-0.24670413422193352,0.7695732596867622,1.0700869992184963,-1.619932062993951,2.6901508485727406
1159_Transect 2021,-0.5056254001483013,3.718447725219848,0.32928256982482423,-1.5305941869659796,-0.9677101400677148,-0.2147368914146756,3.752164388996816,1.0556214314128614,-1.427376176164844,2.9639190337712846
115_CTE PRAIRIE MARCEL DASSAULT,-0.3607454363965798,0.8273562223281958,0.5038569000552765,-1.5665907881283265,-0.33128407146325495,0.3348407889980141,-0.9044980078908234,-0.18752718496295365,2.2204071303973185,-0.007464292269400863
1161_Transect 2021,-0.7914257194888465,2.3898313396163906,0.20539329633462083,-1.4062566118648967,-1.1192181703853068,0.16204940473907964,1.5396197420389406,1.1881154191151615,-1.2309612170569617,2.309886745079806
1165_Transect 2021,-1.101385356748226,-0.1398390338848637,0.054011378426124565,1.2349834565974462,-0.26048365400212614,-0.23879260358258797,0.49599668944235314,1.059398105485927,-1.057773809789171,1.8591004498131656
1167_Transect 2021,-1.0041104724489733,0.1956493336812131,0.06864737383306427,1.1263159034832626,-0.1845048892890888,-0.25949977502935456,0.45557889244502586,1.040765446393336,-1.03309082985728,1.8033357964688397
116_PP1,1.344428634545218,1.1552080368547606,1.0591094388587379,-0.35230366747577396,1.0821948093202478,-0.7074710136910191,0.17294608274877632,0.7490095378152934,-0.04048924209717214,-0.6908167400058994
1170_Transect 2021,-1.3523079265410018,-0.8780556095071792,-0.048064127325828,0.3582478527648973,-0.7362791798191267,-0.19799254243830625,1.5097227980741394,1.1375831595817623,-1.4731093585086221,2.8465705772170025
1173_Transect 2021,-0.9683037299691236,-0.5406258567041904,0.08572275689060377,1.0224537605341857,-0.3120813673312367,-0.2476055836418806,0.39477531524656767,1.0934420196947947,-1.1994166120140686,2.0659428875546992
117_GP1,0.8914292146259243,1.0663883227510107,0.9899366051674805,-0.07881198582877834,1.1194164152019914,-0.718782184407197,0.16451797364370013,0.5551613117433247,-0.0750877689154123,-0.626687615347542
1184_Grève parc Billancourt Est,-0.9377011923850852,1.114078978664864,0.132672280328019,0.028861923050465917,-1.0098456315726896,0.41771639133442834,-0.8573659710129748,-1.9896599761049016,0.5497136718920232,-0.15941882216877534
1186_gs vernes,-0.5088779854509955,-0.99738400418411155,-0.40766976682765205,0.6632900643638586,-1.8540868804109782,0.21253486352851317,-0.1044350615047935,-2.493239176233938,0.13822645729334984,0.1186849455215838
1188_vilmorin,-1.2905957220961664,-0.7234877926720129,-0.053900246305278635,0.23823628856460818,-1.87131753208215,0.17098868132965245,-0.08911161453754166,-2.64696515656115,0.10702891640578853,0.18804478019558044
118_PA,0.5977754607623221,1.281752799504866,0.717444326376673,0.26081521432764126,1.0594182363222462,-0.7532772979093794,0.17346486641730247,0.3555739295364269,-0.08487462203752544,-0.5593530492874768
1195_gs Makarenko,-0.8817740128425312,-0.324466880783671,-0.17092144079598945,-0.012104754625977694,-1.8140519682947722,0.21940527893978795,-0.10296836151119595,-2.4627518879325287,0.15567042453449784,0.09325125990905284
1196_ilot curie,-0.9967052645617828,-0.051475834671112025,-0.08972855067560731,-0.2774376258280465,-1.802503705497357,0.21749621547354495,-0.10662281030413522,-2.436065016920225,0.1622384046468748,0.0851040777737762
1197_rue neuve,-1.3044676587019268,-0.5426723456822707,-0.025559965796519583,0.07733147917982947,-1.8120527035242175,0.16997459824251365,-0.11798413186526199,-2.66076747487159,0.13068459061169568,0.1644834199492842
11_Soubriarde,-0.5021294540550575,0.023545436934866697,0.43429634223958247,-0.8755917852284321,0.3129827107780112,0.382467246690595,-1.1131808860047034,-0.08700496048413207,0.9996027850429833,-0.6772122347950532
1203_vanne des eaux,-1.4103464139434283,-1.284933292507688,-0.07536555255643951,0.6990478136743029,-1.1962868545117533,0.053099505141329446,-0.33283715008851766,-1.2158012970674328,0.45638430638695676,-0.1528965787884079
1208_227,-0.8503371897955803,2.641000441779529,0.18806395165365938,-2.5893066945190784,-2.41144633429095,0.16559772367541917,0.40196307057606506,-2.7952068906871226,0.03518885645947171,0.25339118921275816
1217_Talus Française et Rocaille,-1.1648101523587466,0.4363938763669033,0.040135215762650236,-0.7427324961689012,-2.2087841359998412,0.16214252174741084,0.2594617915372035,-2.680752148487228,0.1590710181306614,0.15197992885303305
1229_Lemaître,-1.2999110952696749,-0.5107286466863841,-0.023416548877474026,0.050575498638408684,-1.346755462599813,0.15746785109544328,-0.41499748691798377,-1.6637681909683657,-0.13798388439800896,0.07544755017136837
1237_Transect 1,1.8512095732643328,-0.5856407437176775,-1.3670497180276453,0.4407878910938717,3.651074902724652,4.250578523544975,0.11329583101394175,2.9893379966641604,5.790950619436651,3.126416242246419
1237_Transect 3,1.7495610417602043,-0.6422532445843786,-1.173196421408814,0.3851519810725028,3.6895419725213663,4.313400833027001,0.05598419618267118,3.0017439078221986,5.867842442754673,3.2624038987887256
1252_Castel 2,0.20755104157585774,-0.60235479428285,0.5952154868813605,-0.6414962305797763,-0.6130207340571264,-0.11449590102092108,0.5336826650227043,-0.23741526284183528,-0.07025767762155266,-0.36633594502022576
128_Citadelle 1 Lille,-1.2166623651358597,0.0728849508686297,0.015743826987123247,-0.4382581227246426,-1.3156657648034356,0.022901504974603564,-0.13785230325470843,0.16714212717685475,-1.1046148338294295,0.17215631301208512
1291_Transect prairie du Vivier,0.7773557459237701,-0.7422066177251739,-0.7746012599029395,0.5388869988859458,2.4850066635136754,-1.2776765863213289,0.11951514137211232,0.983647155256967,-1.3259709084657105,0.07486416083741755
1298_Prairie en pente,-1.4103464139434283,-1.284933292507688,-0.07536555255643951,0.6990478136743029,-0.8001105096717859,0.4913049037998681,-1.4008692036636088,-1.7017822342684723,0.27788869931789456,-0.11961821542110691
12_Madeleine1,-0.759957936119408,0.4056714145605141,0.2773309112139864,-0.988468753916565,0.2960299755986933,0.37913855080814923,-1.1125477860991968,-0.12972689048127853,1.0003497195230768,-0.6722005842797973
1308_Ferme de Paris - transect,-1.4102272204674393,-1.2840976889709732,-0.07530948369733714,0.6983479137669202,-1.883534296434263,0.202880131037917,-0.31272337415018486,-2.7161423676086076,0.10458283859236617,0.1486512184430788
130_Plaine Duparchy,-1.4103464139434283,-1.284933292507688,-0.07536555255643951,0.6990478136743029,-1.1084244560971699,0.10598671007899957,-0.44434358664929613,-1.14735371999337,0.3995867896349519,-0.13290594920623278
1318_Terre Saint Roch,0.3952604112420495,0.10930654889521059,-0.7242775934762911,-0.19175828474432036,0.366331080336504,-0.6506600068505307,2.601393395652224,1.7966955831202236,-1.9600718567662248,2.4015113501213503
1319_chemin vert,0.3620105228761218,0.1520576546000185,-0.7010720865509524,-0.23169351601066207,0.3720238876319343,-0.6156757242346881,2.3729419002558134,1.825474828107432,-1.9739108042259053,2.3580205588076066
1327_Prairie de Chateaubriand,-1.3719592822350932,-1.2873877283043453,-0.05288268980234734,0.6754069569945989,-0.688599025033923,0.5170184267228097,-1.4718167382574676,-1.5719680862781775,0.24533723720842024,-0.14188516251555472
1334_Prairie,1.5493530380400748,-0.1383259599102047,-0.9793336265771748,0.762652759705244,2.8443222494948603,-0.9407015366924393,0.3540348771152255,2.030159763737956,-0.28391298887369026,-0.10765079855994264
133_Parc du vent dune Dunkerque,0.1277541045016266,3.4840933007684023,2.3806023812860886,4.790362631933574,0.6914318956730274,-0.018721689390205524,4.748420019757017,1.2252589370789306,-1.5150308483489907,2.5600455958458372
1347_maka nouveau site,-0.7484381292773623,-0.5456476599461898,-0.2531385191810052,0.21245723512036702,-1.8279127465442222,0.2211118237230794,-0.09873337262903817,-2.4664559026217967,0.15129006851177787,0.0970683082950593
1348_T1,0.37263723931128906,-1.0982455781294431,0.6938931128170165,-0.3771988771159132,-0.9440483582447216,0.2797299981489117,-0.7859064794888263,-1.1875475171830683,0.05636463548096149,-0.10449341764949953
1348_T2,1.8748770625726539,-1.2872743318976865,1.6032595387389805,-0.9465726963365809,-0.8360690504996103,0.11912981573695067,-0.6690141174736188,-0.9976907895446563,-0.0051776592946505655,-0.10197849329098345
1348_T3,1.668768592094776,-1.166986467769098,1.208775101905917,-0.639427717250403,-0.758002154624107,0.10333871557646061,-0.6751748687412477,-0.9816492224893231,0.013008424205187415,-0.10806796822743334
1348_T4,1.81646413474721,-1.1010786250870899,1.2216603861878763,-0.6652727632948863,-0.6451660441958961,0.06324719165251652,-0.6719738886364722,-0.9807335064587311,0.02061146973795445,-0.10970944407820148
1348_T5,1.5708114292713105,-0.2891537096618866,0.5759601898899626,-0.9869589250095386,-0.03468509935655022,0.03885215086909397,-0.7159892644471922,-0.9532009623814,-0.03303372105356817,-0.07805399089713137
1348_T6,1.3465450807914818,-0.12585619534873718,-0.002025535044726001,-0.6944669696292626,0.06941594552840832,0.08129076305203256,-0.757629682954066,-0.9458191187923042,-0.04391264477694844,-0.06958641934067984
1348_T7,1.4203121069234064,0.01279963121578829,-0.04720323952388044,-0.8137615812518479,0.1939510107721131,0.08185312327637542,-0.7798914576064726,-0.9085736031791354,-0.078273428482451,-0.05740625860352852
1348_T8,1.6435236894334235,0.11415393588409475,0.08375481194022528,-1.0543348413588478,0.32375579433825896,0.05110248740494028,-0.7793784698556377,-0.8575145110164453,-0.11682199130453906,-0.046793515104857804
134_Parc du vent prairie Dunkerque,0.09626223620118536,3.3016565875529156,2.3399460041922873,4.67268185106943,0.6911022258619409,-0.020954779378065575,4.713987930392694,1.225667774391873,-1.5178816316956334,2.5529140201919
1351_2 - prairie Nord,-0.48458427915384117,1.3789207148782059,-0.04207404359444218,-0.3597040910356255,0.5498417866540725,0.25607433749459124,-0.8454695841964333,1.0337027211100065,1.7329863947740602,-1.2728282508675517
1351_3 - Prairie piste cyclable,-0.27294663480724085,1.9863360506009116,-0.04648824557101712,-0.713945549356483,0.567824317511311,0.25183933021416377,-0.8902397246602999,1.034848304527442,1.7183996867229812,-1.2758869585878858
1352_1 - Prairie,-0.7710151162527191,0.30909221735198456,0.2368716288359465,0.2728240503508794,0.3444490880501333,0.7295798567032253,-1.007570790834522,1.4556953396389265,2.407876216692768,-0.8305903308824237
1357_1-1,-1.2528960502024615,-0.18113059099493745,-0.0013005738570311008,-0.22549519579513352,-0.979502295263426,-0.26034156509178435,-0.07289085813730749,-1.030664734655867,-0.34659745397313724,0.0869291785069915
1357_1-2,-1.1944058413332614,0.22891387653060863,0.026213342091415244,-0.5689476493022714,-0.9435126388780356,-0.2767364174725453,-0.06531642633304252,-0.9849971981266398,-0.3664573679949599,0.08985372679333276
1357_1-4,-1.3099009115825384,-0.5807620589425538,-0.02811577925613803,0.10923534939071722,-1.012450361835153,-0.2482290743721047,-0.07839390220969404,-1.0285936939349742,-0.3254425310081044,0.07594746989951531
1357_1-6,-1.1856093862473938,0.2905812531998079,0.03035121286595953,-0.6206001248159564,-0.9775250657239553,-0.2559630158267476,-0.0832760327894543,-1.1273745963391895,-0.34180053772475555,0.08514338804588358
1357_1-7,-1.2028916840696342,0.16942404167426955,0.022221584012342296,-0.5191190786025063,-0.948733918368979,-0.274479878284657,-0.06603954125136287,-0.9904025004483574,-0.3636924190698206,0.08909394139553442
1357_1-8,-1.2319949062751323,-0.03460352949098297,0.00853136773389274,-0.34822597931823795,-0.9658896741465154,-0.26723714047254477,-0.06953590397733876,-0.986604634966611,-0.3547939647268084,0.08581446653759871
1357_2-1,-1.2038979677816053,0.16236950935455047,0.021748226060528803,-0.5132102159657925,-0.950570282555389,-0.27656015069946643,-0.06360456446434992,-0.9127505462994101,-0.3659483815242471,0.08156961962846064
1357_2-3,-1.2917325138420392,-0.4533928612370854,-0.0195693271573276,0.00255115555885321,-0.9987424544293652,-0.2541930297409076,-0.08055570304285231,-0.9773038574253137,-0.3220999980301836,0.06702296445961885
1357_3-1,-1.352695884563239,-0.8807753816489816,-0.048246623586684925,0.36052592865437194,-0.9850393329930581,-0.2166505170147884,-0.17241021589524033,-1.0704280753176971,-0.28131062216012487,0.05674621174747961
1357_3-2,-1.3450402443730265,-0.8271056655366125,-0.04464539451266822,0.31557227816602257,-0.9445985998543113,-0.2132357030399478,-0.19639165791546226,-1.0462851374958115,-0.29455671938114303,0.05900924868035419
1357_4-1,-1.3665427311454796,-0.9778484293178641,-0.05476020902910956,0.4418341257689103,-1.039640277826394,-0.1885482969322267,-0.19439268390880868,-1.1423120358610686,-0.25498355990567717,0.054843568382090736
1358_Grezan CTM,1.6637497194292263,0.33769667072554493,-1.2162264000142928,-0.09125184059186198,1.1022268087807894,0.4730255733096752,0.09534109449113766,1.741223728993565,1.5425797742870697,0.4497384500257339
1358_Grezan CTM OK,1.704458568087689,0.38929977799611315,-1.233673086346264,-0.13550716694752207,1.1123530616135344,0.4455059539711357,0.09627193068513523,1.7373747901977965,1.5229198457238944,0.45107022409498343
1360_Pasteur,-1.128590880725116,0.6903083731399848,0.057172836497946154,-0.9554107879259094,0.12700664214745783,1.2534512426896942,-0.4480627243620063,2.4430624408817305,3.7646749600671647,1.2096329713531275
1360_Temple de Diane,-1.170334355491783,0.2552783941694208,0.039856990068686926,-0.6045038362684724,0.15177848311696618,1.414608786742037,-0.4577138344167334,2.454800136885767,3.8365211675234763,1.2323539457334984
1362_Parc Magaille BRL,1.1525013992614712,-0.15381679950741753,-0.9984372077366755,0.3022513900030409,0.5973821724987095,-0.5431201562915775,0.015976488264313304,1.8635905482841741,1.7960557390447203,0.5763734290504972
1371_T2,3.048659123852452,-0.04009890610890274,-1.8142323410233223,0.586963938176872,3.2003543344848344,-0.8621841440588454,-0.22707158479697914,2.487823156308587,-0.6602964012845511,-1.193119083698324
1381_Prairie Nord,0.2859134046789016,-0.28585017140135466,-0.6892391920899443,0.17580889437842206,0.6284396588595509,-0.6205463524938977,0.8068576997830621,0.7047422517722192,-0.6397343282316241,0.0011715143358863708
1381_Prairie centrale,0.14523690975734815,-0.3519193917349676,-0.6389086296828891,0.2012590198283101,0.6113498324695377,-0.6203914644282047,0.7975728731892316,0.696080034588169,-0.6295673493634357,-0.002584934856115859
139_Parc des sculptures talus Dunkerque,-0.22707184465629782,3.4039251406568787,1.431367891693913,1.7102879960090793,-0.05387837287366576,-0.18236138062046137,3.967511994140009,1.1997273869970662,-1.6248888333510052,2.541436859726253
13_Biotope1,1.2612085087996552,-0.35787324783691676,1.312220889679113,-1.646761789231214,0.5281352957523281,0.4467625090748705,-1.234699536393749,-0.016733091488670273,1.0088205324554878,-0.6933576461365153
13_Biotope2,1.6530413899668244,-0.634794257332487,1.366546952222525,-1.5712668477211331,0.5431489122164201,0.45368989577499375,-1.2489546393997852,0.012581235908540277,1.0037927383586775,-0.6940380849009623
140_route de steendam Dunkerque,-1.1847984225791681,0.2962664981655691,0.03073269186280647,-0.6253620750114144,0.13057433663663126,-0.28692863598107804,2.478163746186047,1.3266559420809918,-1.642764123641761,2.3089594938631413
141_Prairie tir à l'arc FPS Dunkerque,-1.0666633524258387,1.0979345820184876,0.08297897237094419,-1.295936189651379,-0.023865450350256834,-0.33809809084549175,0.7582004329855778,1.5932296609455465,-1.6642737587233503,2.0584156626228287
143_pâture fort de petite synthe,-1.061328222948343,0.1595471183272958,-0.03686269411203329,-0.47676799902950706,-0.23822770040336663,-0.2720936424631004,0.9882820467080125,1.5928846648836716,-1.6656763172758102,2.1189722667911934
1447_Transect n°3,1.408325275550816,-1.3492408501155337,1.5184975067095863,-0.8182402139366666,3.902317797338441,6.060034647616411,-1.0624367420607983,3.468430000089762,7.550443451174258,2.149010559755652
1454_Tir à l'arc modifié,1.2557930414025134,0.6577453092390457,-0.849015823932067,-0.7359214455556263,0.7667707956457539,-0.7708543851138989,2.7016023022471853,1.6158241612579474,-2.0487953317200955,2.1551096967184704
1455_Plaine Apollinaire,-0.22888181793976592,0.17195217968473706,-0.44765492632108733,-0.37819488948221397,0.5502002208075224,-0.5123741137138694,1.2660764382787002,1.8876023195118743,-2.1082894868512354,1.992755914894501
1456_Bois Picot,-0.3730036224789093,0.5707094846693733,-0.31493355138970497,-0.7307128997446021,0.5040119359324637,-0.5012618644633526,1.3991417809175064,1.8982989903035214,-2.1078856793545437,2.035562324724213
1459_Bel Air,-0.7767660779746552,-1.0636209024753798,-0.3065102447096716,0.6571695101780757,-0.3941180802329232,0.12530621224290728,-0.8494019612808761,-0.26017192553112456,1.8698607299190317,0.07513869790051347
145_Parc du Rondeau,0.38482223182011593,-0.42399250470779143,-0.08769998901898358,-0.3734900587636662,-0.31226041854854875,-0.20827996122725911,-0.026755372054053633,-0.12567707212565304,0.015699928535810013,-0.03942365591454902
1462_MARBOTIN CHARTREUSE,-0.5608200462699623,-0.56852021218915,-0.3568389956618404,0.24730724190327696,-1.5501510529615892,0.13413038308524924,-0.41128294794979187,-0.6734563600204886,1.1728954031705792,-0.2182123256370951
1462_MARBOTIN GARENNE,-0.5670295271293584,-0.5351168446537748,-0.34867211193136893,0.21849027192721548,-1.5417076171675677,0.13303229369238082,-0.41500231494985423,-0.6633284731961075,1.1975468586963585,-0.21283832143078768
1463_MAISON CARREE TERRASSES,-0.9535129420371364,-0.3062214937464592,-0.16902687400134417,-0.08174369211189429,-1.811034526136653,0.12061182361630579,-0.16888501607146478,-0.7612238758849467,0.6706120363458434,-0.25078799096945353
1464_GRIMOINE LISIERE SOUS-BOIS,0.7185083960839977,-1.396606753396986,1.4555023126189894,-0.5367533436884351,1.2354647883016194,1.7875861238768604,-1.3025143522711424,0.89953669491912,2.9938336457369035,0.3104885205000651
1468_BDBo PRAIRIE,-1.4103464139434283,-1.284933292507688,-0.07536555255643951,0.6990478136743029,-1.0052767678995915,0.03504400829039823,0.04525797303249842,-0.8656791927537634,0.4780917107763086,-0.11900782394610097
146_Bassin des 44 arpents,0.9207494332619943,2.3249105708160545,-0.44826100814998365,0.30052549046962856,0.28366677558816905,-0.504435440024259,0.5956227942966865,0.5491195278948398,0.17012578864287012,-0.2895227995905259
1481_chemin du rucher,0.8815284483008653,-1.0854373835770108,0.3412714984634204,-0.1342653285543766,0.3663701917465217,0.3964156127657675,-1.6226247732550259,-0.38145457093459656,-0.059346457840663495,-0.18561720396707274
1482_Espace Marcaissonne,0.709328899727685,0.49949624889495625,-0.8902556907013189,-0.5637482084025276,-0.08250921650533244,-0.49761179977324665,-0.08984177446152404,0.2179586269983344,-0.6350370261036465,-0.0835258874269038
152_Hippodrome,0.2235225406645465,0.19490658595074942,0.7390691762895757,-1.3998726543354008,-0.6923240318582407,-0.001311635849942079,-0.14355497231814401,-0.324428915539805,0.020208897976394885,-0.022293258426661695
156_Pelouse calcicole 2 - version 2022,-1.4103464139434283,-1.284933292507688,-0.07536555255643951,0.6990478136743029,-0.4777118277753579,0.3577196624861737,-1.1895633432493586,-1.2187786877187463,0.3940270656018597,-0.22848569611690797
156_Prairie calcicole 1 - version 2022,-1.4103464139434283,-1.284933292507688,-0.07536555255643951,0.6990478136743029,-0.5093500185557778,0.3439324307603297,-1.173523710063856,-1.2336170148869847,0.4059824575725326,-0.23361348055083073
156_Prairie humide - version 2022,-1.4103464139434283,-1.284933292507688,-0.07536555255643951,0.6990478136743029,-0.5355706477127014,0.3339677121141695,-1.1583103472795362,-1.2513412108019526,0.4133932903381771,-0.23566671425374727
15_Segrais1,-0.6892119222592958,-0.39430851624262525,0.3290398106653021,-0.3097276754189173,0.26133723707943446,0.3955828519401719,-1.0802849069121898,-0.006969035168800023,0.9607134864667993,-0.6786880614563656
15_Segrais3,-0.4226227728207459,-0.004675266325107807,0.3348476750131572,-0.7948275038017744,0.30061000591876386,0.4099859598133201,-1.0782594257749822,0.0740486223602477,0.9581341610707724,-0.6934915835120322
160_liaison poterne citadelle prairie,-1.1744419477399208,0.36887036286363395,0.03560439917516148,-0.6861749317611452,-1.2321058774973483,-0.07700613362449203,-0.1253775466250132,-0.019246615988539894,-1.0071360677164924,0.17245003165357256
160_plaine des vachers Lille,-1.05492208479721,1.2067620289485688,0.09182679137980285,-1.3879913718820587,-1.1556881192304698,-0.0641311557326117,-0.07157725228587776,0.21429129366661334,-1.1442782096985311,0.1867342373232337
161_Pyramide L.Jouhaux Lille,-1.2235039708313207,0.0249220076914471,0.012525521433141137,-0.39808445421733485,-1.2697670226557225,-0.01011864112797918,-0.09623727560948107,0.18507276968454064,-1.1162402022737912,0.17690745685239692
165_Parc Matisse prairie 2015 Lille,-1.0403695060070883,1.3087825984846302,0.09867235472118101,-1.4734436037504786,-1.704877558320887,0.14217295460502202,-0.26354933166432754,-0.10194070764186672,-0.9234884657193689,0.12704745128563943
167_Port Darblay,-0.8142823423871342,-0.09884737196708225,0.16368480970690355,1.2594742559535577,0.35660308896627546,-0.25532001444576785,-0.052050782856004514,0.44421467822682686,0.3470524400878123,-0.2515427338347889
169_Chemin des cerisiers,-1.3422173040222043,-0.8073154973120861,-0.04331747749815241,0.29899607150958424,-1.5274900322681462,0.19350082603139931,-0.2221182195102525,-1.8196785319936999,0.541723752450788,-0.16989829093842815
170_Parc Chènevreux,-1.348320848406721,-0.8501042760761423,-0.046188597475835244,0.33483586990455627,-1.5525149058093102,0.17695157089035748,-0.1862305935725131,-1.8612161347389622,0.5139059904660416,-0.14295671071233415
172_Avenue des chemins de fer industriels,-0.8502875441474593,2.641348481626578,0.18808730506982965,-2.589598212022311,-2.41243908151163,0.16557712628706756,0.40275114685704766,-2.7954072166190858,0.03525769297785195,0.2536837563011648
172_Avenue des magasins généraux,-0.8761005489862158,2.46038691508453,0.17594481388641445,-2.438025153630809,-2.4194509483106095,0.16284576251985838,0.43410524591505684,-2.8169524569289615,0.039107345254638715,0.26042888081872545
172_Parc arboré,-0.9007116511546496,2.2878512637511603,0.16436770021983144,-2.293509625533345,-2.4149926007096956,0.1624453306082054,0.4354818591550524,-2.817535255543611,0.03832354717767847,0.26098328748621874
173_Allées Medhi Ben Barka - entrée Laurent Cély côté terrain de sport,-1.0928807428752294,0.9406535974606138,0.07397095964205032,-1.16509946397507,-2.019375864278594,0.1569250198948443,0.21172107433769033,-2.6063870324239264,0.1309044944500164,0.1465738241617637
173_Allées Medhi Ben Barka- entrée Laurent Cély côté Sévines habitations,-1.0937469684506702,0.9345809399730514,0.07356348532906963,-1.1600130178001025,-2.0180547625548417,0.15686363392011757,0.2105978330217217,-2.6051118971949587,0.1314302232935978,0.1458240800458038
173_Allées Medhi Ben barka- Lycée Galilée côté Chandon habitation,-1.1040993516419453,0.8620057596932275,0.06869370273643408,-1.099224187063652,-2.091101088602753,0.16049755793945034,0.2632425944937179,-2.65963451073466,0.1091095137516877,0.1755030551926947
173_Allées Medhi Ben barka- Lycée Galilée côté stade de rugby,-1.1038430970643154,0.8638022274075129,0.06881424542292178,-1.1007289049491071,-2.08998994094714,0.16063337365635422,0.26122397119134694,-2.6568978348042562,0.10974270410851905,0.17416638033560594
174_Vergers Darnétal,1.89410463596495,-1.0045654687581032,0.9964048020509019,-0.9815116528519485,1.1897964721216172,-0.30571286720555113,-0.8055958317075274,0.7735830997284169,-0.08378717959938,-0.302898709524195
175_Eglise Saint-Pierre-de-Manneville,2.2951673710070506,0.39039184556696005,-1.433587722274957,1.0264602707770683,2.73735686457745,0.19084633534482562,-1.2288901528413287,1.3769877701767654,1.427202545014117,-0.8326070389165002
"177_Chenard et Walcker- prairie, côté habitations",-1.1080170181755373,0.8090591452380693,0.06645247301358788,-1.017558014963336,-2.1080006792254005,0.1581825548010153,0.29781148387775724,-2.6759124614031777,0.10168408975951433,0.18521800648859169
"177_Chenard et Walcker- prairie, côté haie entreprise",-1.1090828583748156,0.7951698986693388,0.065850781362102,-0.9965264366980916,-2.1089396649768366,0.15795658873844615,0.3006160555995745,-2.676518249235936,0.10077215729170402,0.18638609594070585
178_Sévines - Aire de jeu Mikado,-1.0362252693698155,1.3378356885330964,0.10062181225796962,-1.4977784158242151,-1.9999086465408833,0.15438012219425973,0.19663746355791326,-2.5938977137930115,0.14004188545792703,0.13636372915601772
178_Sévines - Entrée Louis Roche,-1.0636043931287373,1.1458948758724852,0.08774261547599736,-1.3370091621033764,-1.944417265781088,0.15274754006197142,0.1430130059245178,-2.519508697032334,0.16043843388945478,0.10556264797087066
178_Sévines - nouveau tennis couvert,-1.0714256038585555,1.0910644307242183,0.08406350167565976,-1.291083287217898,-1.9676635940956668,0.15239003161617842,0.17526515868509698,-2.5561718558032283,0.1502771185194529,0.12096682824436439
179_Transect prairie centrale Plâtrières,0.8569343911602321,-1.1138657300943189,0.27361819840430845,-0.12891811742441125,0.8722897374846585,0.6362381025373832,-1.7418560665069023,0.26778481267306387,0.2343076400610922,-0.42127257626004727
179_Transect prairie sèche Plâtrières,0.9006013657464046,-1.1446732743174322,0.3740768363371516,-0.20259955642893776,0.8542072452215551,0.6361377293436803,-1.725184537631928,0.26207468519895866,0.24680032257955656,-0.42787400462847447
17_bois de celie1,0.8902477547622903,-0.18017921566640896,1.129883848553922,-1.5373205386101403,-0.3174702777311567,0.35538384333524503,-0.9892647405742344,-0.4470982500804125,1.009157787416828,-0.6234507602378004
185_Transect-16_9-pelouse dunaire,-0.3868271827656372,-0.6927265444075131,-0.4193422250213148,0.4268426968346135,-0.18568168879795768,0.02102703413340138,2.185624324183644,1.374627769772105,-1.7198474535311823,2.368881194346183
185_Transect16_5-espace papillon,-0.25199865665022797,-0.356213659523614,-0.42796592802634464,0.22140441631822547,0.47164196937847586,-0.12910933432318578,1.4884280592091756,1.2144801851898477,-1.6929616728332646,2.1505986959460865
185_Transect16_6-du verger à médittéranéen,0.3746862642367047,-0.15372751363435685,-0.6629293212906205,0.1385628973849314,0.449960855852465,0.01011591655829653,1.6604256165170344,1.1889859169799717,-1.7295093137226616,2.177980782566217
186_La plaine,-1.340561874307394,-0.9561129077661202,-0.06265118697527197,0.42908216092871204,-0.6622927014208955,-0.12250938618344082,2.2004168913499376,1.597967564647797,-1.6817868586333482,2.3848041056006473
188_Transect16_3,-0.8468089028605519,0.16382077880418708,-0.0826163537695791,0.10980990317688533,0.6640925707591117,-0.3359466154302801,1.1553598640931524,1.216955943387665,-1.6429696199295174,2.0518859241429923
191_Prairie du maubuee,-1.166842411293994,-0.39051579980393253,0.027611073167168505,1.0845581874191736,0.018033605200031725,0.34906863094165025,-0.9703772946018873,-0.20181159417603065,0.7915081275139269,-0.5492849401229265
198_Promenade Bretonnière,-0.3912885660635896,0.2694090623302333,-0.25815294068914996,0.09193711051098588,-0.5042352401317574,0.01619565750145712,-0.21406960970696112,0.5225209757128451,-0.4617467473218839,-0.5662147181982866
198_Square 4 jeudis,-0.7151026909296646,-0.19466821340048318,-0.22275181686656573,-0.08551003864162614,-0.40779984000413416,-0.01297160958880283,-0.15556099830364306,0.5777153386736926,-0.47321845664461193,-0.5681731475471433
198_abords du stade de la beaujoire,-0.7936356479977633,1.1738928303367457,0.02025236457207168,-0.7846571889254838,-0.5705347374216377,0.019135350241401984,0.040521656863289825,0.36932417480448637,-0.41517899936583197,-0.5888722056039871
20_P1P2,1.756662181547119,0.834897899344392,-1.1093162007931148,-0.4006791707670092,1.1506447768259112,-0.9147476178216352,0.5811441748825512,1.017335819888836,-0.42293384812981955,-0.8300586443038613
20_P24,1.7855572532330144,0.4704875372499515,-1.172542747844803,-0.08323559339848136,1.1480476940002007,-0.9233883015180474,0.5713582404658736,1.004929632793071,-0.40462606585089156,-0.8441548708691078
20_P25,1.581248168103709,0.5629553959435064,-1.079212284553,-0.21468528991226776,1.1365999865848377,-0.916939501988439,0.5622398477219317,1.0011729295574514,-0.4087092042411538,-0.8399955287454856
20_P26,2.198412193787989,0.5006452276697868,-1.3267067922287974,0.0021499895040258447,1.2077478009588385,-0.9450967578165184,0.599133206222205,1.0425448378351907,-0.3994942411787786,-0.8598700993777973
20_P7P8,1.8712435833840573,0.7914411721845284,-1.1576273537064112,-0.3306098528373373,1.1836991755766497,-0.9284929583705606,0.59168960982766,1.0235386709712269,-0.4152232256768682,-0.8395306084965181
22_T1,3.1420294513790528,-0.1231295922507271,-1.9127754279482514,0.5092609776049809,3.069685513477999,-1.1308482082977698,-0.09365543634876851,2.5180031247971995,-0.49979339506184073,-1.3428928602693133
22_T2,3.0867046279558075,-0.06763869347542074,-1.876096821947612,0.5671716954831424,3.06793197083576,-1.150982211958801,-0.06552283838998837,2.517099810013049,-0.4896340508728837,-1.347494612324197
22_T3,3.0476358454951553,-0.03797177192187008,-1.8358977118936886,0.5573022241594395,3.0707501192339923,-1.161974272733692,-0.05075973728673808,2.516964763197516,-0.48283947218373435,-1.3478528244248416
22_T4,3.169121202329943,-0.14703683381673627,-1.9420027205737775,0.48706597894339637,3.0743694617549564,-1.1276963355487166,-0.09826207576406881,2.5175914507780393,-0.49603073970665335,-1.3400665736361064
236_CITEAU prairie paturée parking,0.7308460323987775,2.2990212137472703,-0.29714080241223156,0.8225958223505614,2.3983229779017656,-1.4538711114543812,0.6211957613778124,2.2175662145863972,-1.416062876819243,-0.1490677730332691
237_CITEAU Prairie réaménagée,0.722695814537392,2.2384823364636754,-0.30610895794855325,0.8205502542354325,2.3992157033978434,-1.452556966710546,0.6206343081912792,2.219179185605764,-1.4175046728250458,-0.1503163567493876
23_T1P8,2.902835598878065,-0.2552913434293081,-1.3831270996567488,0.32705587010578124,3.266078716613991,-1.5985270901152537,0.37394724630847825,2.228467314334405,-0.8257054808028762,-1.2566887110755527
23_T2VH5,3.0752027461107483,-0.2505277501702534,-1.4417776783038614,0.2827297400016733,3.2526656208084175,-1.5970702618998995,0.3767260887690871,2.2310366145895824,-0.8408833890504951,-1.2459161942545007
23_T3PO1,3.048158603318405,-0.24764957974604387,-1.5066222016022819,0.31517838091374767,3.2500880927670286,-1.592421203061894,0.3692530133846819,2.2257302697581633,-0.839132830305788,-1.2512368898847732
23_T4VH8,2.80396777700947,-0.24933263902194372,-1.2404411621655176,0.32704177482520125,3.2790145428623956,-1.6034751867023442,0.3881576862570963,2.252431069698543,-0.8416731277584596,-1.225267293821363
23_T5,3.028154456203392,-0.24538570439414087,-1.4004030904968159,0.29272501120148914,3.258560122037821,-1.5982392830136831,0.3776029594179953,2.2331879234588876,-0.8394445082569786,-1.2438516287030297
246_PMJ 1,-0.92756389620569335,1.0251503254730454,0.13493971341805935,0.3376622552298138,-1.7836807786354163,0.18906191299855585,-0.024210063001332664,-2.0111270156825585,0.2473743258083665,-0.04451324058499931
247_Zone sud 1,-1.342429666074334,-0.8088042573331484,-0.04341737304932058,0.3002430540259022,-1.1126937948300477,0.3715390622309198,-0.31606354981952095,-1.1346007819186146,0.7114532103890179,-0.37626381101663053
247_saussaie pidoux jeux d'eau,-1.2930167183355321,-0.4623957517705387,-0.020173419623018687,0.010091959269802156,-1.1398450434233065,0.3634329334511276,-0.2873711061810201,-1.1936331751967786,0.6893035360828929,-0.3733121194932058
248_A_Puech de l'Oule,2.932325275687102,-1.5165280820708607,3.531713922757772,-1.6181346969143588,3.4141033964267606,2.995830479081368,-0.28934872130600703,2.7172710995755103,3.1396305953430406,-0.33870951832822116
248_E_Puech de l'Oule,2.9705949503235223,-1.1228046822127362,2.063262746018105,-0.9810296210022016,3.1346393247396467,2.9172330077432225,-0.3265894618763491,2.7685690078476206,3.091064802034322,-0.41889927838339414
248_F_Puech de l'Oule,2.935614945548043,-1.3261360349390958,2.883830755354087,-1.321773932434874,3.530791437228889,3.189574499100063,-0.34748847688448015,2.678335706116619,3.1010930123182394,-0.38133565200587033
249_Prairie Ile verte,-1.4103464139434283,-1.284933292507688,-0.07536555255643951,0.6990478136743029,-0.8627097604529046,0.4741607000852267,-1.366149694570979,-1.6566574052517198,0.28161818862513277,-0.13808988682669354
24_T1P7a,2.8947556707819744,0.8655683352809916,-1.6039130208339774,1.2101286836589655,3.274542378819007,-0.4353289222854363,-0.4218405028319521,2.3982125658048563,-0.18523454266455458,-1.3152103119601686
24_T2P6,2.8989581803231967,0.8884384488099424,-1.6174929558492488,1.2276448176425232,3.2735988163495255,-0.4554928689153607,-0.4011036438408624,2.4035513178924774,-0.19267840715847964,-1.3171725080007457
24_T3P10,2.8999067280437862,0.8880632973242897,-1.6190512057949313,1.227367605921361,3.275944192547855,-0.4367094788114941,-0.417915655646669,2.3922903881115825,-0.17723887002002844,-1.317459776194319
24_T4P9,2.9265995330704615,0.7023674200674268,-1.6529923535648783,1.0993065322393571,3.2700158235346146,-0.4071595903794496,-0.445509585358409,2.3891589426056816,-0.16365545471480222,-1.318871345740988
250_Parc Boisé ; friches,-0.8688824584012649,-1.319553970217601,0.24176311158126293,0.36558523909442947,-0.7177098452913611,0.49307284180083827,-1.4168766305005653,-1.4958706508337722,0.2407718468787924,-0.1588218389923482
251_Toit de l'école Aimé Césaire,-0.521325680321639,3.235763631847485,0.31607209916265777,-0.5806010143809343,-1.1281804040426946,0.020582614017652604,-0.0685149136096774,0.15215296071442352,-0.07787594371285901,-0.7449131821009267
252_bord erdre parc floral,0.1562333046816034,1.0143381173151147,0.11596178375178534,0.6557333976517614,-0.7276778142292262,0.08553665171486385,-0.3325621973145193,0.449457436449687,-0.4323029408376845,-0.6123849650146298
252_ruisseau de la bretonniere,-0.14748255625476508,1.3276042247245154,0.032679608955253375,0.3979295339033662,-0.663834438920851,0.07230908600927387,-0.3041518824185054,0.4323048460066323,-0.4413954577424394,-0.580609780153466
252_terrain libre ala beaujoire,0.01693216721556153,1.0785640711078068,-0.11878808034330307,0.7353195410435049,-0.6021912423772865,0.05236812667072715,-0.28990553072905945,0.5233608177166102,-0.4626312175254977,-0.5803174954251362
253_lande de la porte saint-pierre,-0.951546589541312,1.8126973713964374,0.1385980389573144,-1.7215735612993504,-1.2550004729877473,0.07000024261660415,-0.01200839645610949,0.0635873013972252,-0.0774497158018531,-0.7105645432430328
254_Prairie sèche PPh,0.039848610776534614,1.250643124866835,1.1449529983277387,1.6942673787851872,0.8011088113052213,0.0655167926679374,-0.5684389491759726,0.8137709659191934,0.8216559557876838,-0.7825018245496301
"255_grande prairie, Chataignier-chapelle",0.9346131978429479,1.079047126017475,0.12566775834841762,0.5067469289651393,0.2821952504091163,-0.26105627535521075,0.03482082491213085,0.9160947881220107,-0.5600300690458634,-0.6225384865574337
256_Parc de la Roche 2,-0.19365558891060672,2.900529950034747,0.2788461206308144,1.597468612882849,-0.9112414544658587,-0.05505696002339966,0.13833688438609026,0.04989570967291062,-0.24627880869994914,-0.5161360435027603
257_Parc des oblates,-0.8042314043736811,1.398718222327174,0.1852790939767852,0.7439076319328194,-0.8678224064355087,0.028051429542892987,0.013360818787995998,0.20482521745425503,-0.1607378721860759,-0.7401044233537545
258_Coteau,3.1412437828175035,-0.4366439140970836,-0.8306636929843617,-0.08777488590762493,3.380308907842612,-0.9964912330663945,-0.3132101659252521,2.5309259048150574,-0.6742179628605331,-1.3561550378263536
25_T1P65,3.055303337019765,-0.9182065096667726,1.057508633212148,-0.8879211073705114,3.279789037073476,-0.8614291050758077,-0.2902354209660462,2.3612493024382544,-0.4136427960145764,-1.1826806899018687
25_T2P42,2.8759401600960492,-1.0780316720201664,1.915364523770771,-1.059970969192024,3.239038755877245,-0.9257816448790747,-0.33515330154835554,2.367883905425886,-0.446010912796009,-1.1630156386622077
25_T3P43,2.8048159961092134,-1.0908464302904086,1.9168502109597998,-1.0456707110195442,3.2373871052933687,-0.9228563391491487,-0.3375815132304121,2.367744554492356,-0.4379072777397527,-1.1670779226101475
25_T4P72,3.102556235354201,-0.8834898607626439,0.8262416429723992,-0.8392186539708847,3.28724265166581,-0.8389753766137783,-0.2915287445489808,2.36913425985278,-0.4203489170311375,-1.1789482134570408
25_T5P44,2.885532515795704,-1.0642601990587788,1.8150094674385104,-1.0457542835203726,3.2441001955884587,-0.9186327061970087,-0.3246834649378629,2.3661939739524156,-0.4375155275029931,-1.1685999817125412
25_T6P70,2.96148427670748,-0.8965908733671721,1.04357305759399,-0.8240867845874151,3.270054193272428,-0.8775641571730151,-0.27516933445177766,2.3584515373161192,-0.3992418576490539,-1.1963561195858157
25_T7ZM39,3.030654508898237,-0.9480577637515928,1.200085593166744,-0.926999462452434,3.2755789977604772,-0.8724704809789359,-0.29253770787768707,2.360159537553081,-0.4147396164235661,-1.1815722666696693
260_Parc de Bècheville,0.09023815575565368,-0.9124099533585077,0.27100497621127373,-0.19348772446036014,1.0956893425537308,-0.25818901826702273,0.0033347141741927712,1.1179265817471744,0.09524259380823616,-0.35771444397515584
264_TVBu_Jeumont_SEYFERT,-0.014358907813258905,-0.5033656180533373,-0.1522137517415638,-0.05389240787345705,2.3528095419364026,-0.9344606068572866,-0.1648346029617608,1.9363953695923275,-0.4849711253603179,-0.9693109241757939
264_TVBu_Jeumont_STEP,0.6471073047886452,-0.5721732102132716,-0.4648725308129409,0.09205198997293736,2.307240022536259,-1.0404134423577236,-0.137916610008746,1.9041282353519395,-0.5072073916120519,-0.9114450284534025
265_TVBu_Flamenne_Prairie,-1.2072916735042287,0.13857800163257633,0.020151819827567186,-0.49328249507967437,1.4421898229532,-0.8398719331388674,-0.10786210917536852,2.082496549399241,-0.7555582077184544,-0.791420335564822
266_TVBu_Flamenne_Cimetiere,-1.2559341300775981,-0.8468623317158835,-0.08353327705250482,0.354031044219765,1.4113584863604365,-0.8331147123684247,-0.09568847161862902,2.0903484634332736,-0.8042939292937707,-0.7690218941519967
266_TVBu_Flamenne_College,-1.369264057002178,-1.034342147807147,-0.06073179712610851,0.49042528979983396,1.385053480788042,-0.8243618764651998,-0.09818561703933504,2.100326038504598,-0.8108359012053167,-0.7671437652069338
26_T1P13,2.6453367094447655,1.4159111283654757,-0.10649136303650271,1.1933873674572102,3.271701574646943,-0.944407191830257,-0.24422421779224834,2.484871771839577,-0.681381258552374,-1.2795816251045478
26_T2P10,2.643795377961528,1.3732194293352153,0.2674321211705567,1.0316078099081436,3.2767328629058765,-0.9517540612847923,-0.23935869656755013,2.482123913531143,-0.689160686029432,-1.2733557390417711
26_T3P7,2.9648348272184464,0.013697830866985809,0.04285144754602108,0.007741590093061881,3.256459067900351,-0.9795123606689817,-0.13636993561127453,2.4684393106061666,-0.7183704016107838,-1.2782859731645175
26_T4P1,3.015138714189074,-0.2004470667458184,-0.07961483853372923,-0.12209196218107894,3.2518236261765816,-0.9964405563979764,-0.10207470827345176,2.4604914697555422,-0.7201402034595351,-1.2860818386085124
272_plage bleue 2013,-1.1097244887534734,0.8225708457777596,0.06604762653535279,-1.0661935793838488,-1.1487369699585828,0.35824123339642655,-0.38558499833607196,-1.2543827109507413,0.6328591355835711,-0.34577641774982526
27_T10P21P45,2.800969128306786,-0.21043767394833576,-1.2434487597375217,0.362657476696114,2.9807107428959436,-1.1304623528926714,0.18178105880730708,2.319117391281523,-0.17372892947450286,-1.1558493640554854
27_T11P37P38,2.958680406817503,-0.14550299658808005,-1.3713293323370153,0.3967793825535088,3.032241834372723,-1.0276586760377662,0.10814262210892647,2.3280316750514536,-0.21788357330763852,-1.1391034592755793
27_T12P39,2.9235680248299807,0.0948644675082036,-1.3266902124551172,0.571336363230845,3.028456986813331,-1.0474724717794432,0.12220978644697325,2.331949900038451,-0.22881009248538162,-1.1290906175717421
27_T1P6,3.1099951571525395,-0.24702909921919416,-1.3545681678982202,0.24605361834084544,3.0987510995584957,-0.904202693426624,-0.24718688553608015,2.304320426157119,-0.17349690187785005,-1.1834572628743676
27_T2P8,2.578131070035699,-0.2716046985074599,-1.2060502340795591,0.3841109269754374,2.961908482100439,-1.1029067791523515,0.15657738694719706,2.319596486220223,-0.16982710609082438,-1.184834192511945
27_T3P70,2.80566306327329,1.123858940409413,-1.475462229062963,1.3912266322668514,3.050606569381573,-1.175678029668944,0.16664769727710546,2.3239052323826,-0.2662182789758404,-1.0650501765194427
27_T4P12,2.4623405781733907,2.592935596154814,-0.9868966322575612,2.407075284103236,3.0989746824155486,-1.169670967120329,0.10824471872631831,2.363352868837134,-0.31862678289800467,-1.0712490778450185
27_T5P1b,2.566709443486444,2.091901897917294,-1.1323388036334632,2.0608796148463724,3.133521531776464,-1.09177170773091,0.0942850980550788,2.385703967122271,-0.3724899903515502,-1.0764062439200681
27_T6P1c,2.6028025216340285,1.899422882029841,-1.1815490481529352,1.9279665029678579,3.1320843118707082,-1.0847252278972317,0.09552214903313197,2.3868639796277917,-0.374437793957143,-1.0729508530342247
27_T7P1d,2.6460032650528964,1.706818463862943,-1.2425875358000198,1.7948203282687905,3.126895297025889,-1.0684606994754065,0.08488646061415431,2.3883180472679184,-0.3758929643138969,-1.0686607702438586
27_T8P1e,2.6820171086704865,1.5460108141223194,-1.2934577642246998,1.683656187868074,3.12268819802636,-1.0512725393244635,0.07074647269635366,2.3886555120437216,-0.37840505670609476,-1.0657248398694976
27_T9P55P10,2.806194823884449,-0.13024051241148984,-1.4159365635837133,0.481941995416617,2.9689737487826693,-1.112111719952135,0.16147824646259962,2.3141312311938504,-0.19446639818288003,-1.1656559372913593
285_Rond-Point Gordini,-1.2697233952819706,-0.5273737592315945,-0.012784757200174891,0.39882639317871277,-1.0684683009173803,0.252054470101081,-0.5342076050896887,-0.8181790796732766,0.25217848033886375,-0.15812632348337433
287_Pré aux boeufs,-1.263656426092584,-0.42102948658047673,-0.00893328868024282,0.2163001965461203,-1.1120456474070477,0.21402333810537344,-0.3908307513508519,-1.2702299058215307,0.5063289749608841,-0.21667217198387337
288_Cascade des Lacs au Castor,-0.702013266238042,1.6317721749263097,0.22580360627252438,1.256852025118467,-0.9914016420641409,0.3320846204696291,-0.6842423778172138,-1.1225202041940676,0.41393895050164153,-0.19437278814242606
293_T3 Causse Comtal,2.774236944445343,-1.8752664030755708,5.334095641051828,-2.1638948957054893,3.8595963686170403,3.205620492139916,0.24657378277100586,2.3595183738456575,1.3147888747540122,-1.5370347812258651
294_T1 Causse Comtal,2.8312341477284564,-1.8222788423030754,4.951411720479405,-2.12685533523488,3.878279894569144,3.186589577950338,0.26222035335319777,2.34707844281418,1.2349380659566538,-1.5966913542027839
294_T2 Causse Comtal,2.8070904915998804,-1.8459618827308149,5.117846375545953,-2.1451381998259027,3.8755160276406593,3.215165965822856,0.26514872505712295,2.346663126161245,1.2618425574721146,-1.5801246707485355
295_B_ENS Roquesaltes,2.924857576408475,-1.8470543764534184,4.714134261332673,-2.3002491113169845,3.7591762351978955,4.169570868089475,-2.0921591828512227,3.2379534562870864,6.140640969254416,0.7276088707485028
295_C_ENS Roquesaltes,2.974753504458281,-1.8068819361874873,4.400874330340839,-2.2808406780140356,3.735835708526145,4.083686989693386,-2.160575164286846,3.203274706686785,5.989640338736087,0.6135162451171199
"2_Lac du Héron vmclher 179 RNR ""jachères pavés""",1.5880119558850363,0.18052892024647893,-0.48633830142556245,0.7999454370965041,0.10320936486778852,-0.5597188651889569,-0.08970911856012818,-0.6850682325790848,-0.6137987749096075,0.08105081476625274
"2_Lac du Héron vmclher 193 RNR ""Friche""",1.9446504052994973,0.29206473944027705,-0.7254060922514324,0.8314884258625429,0.06728562649112177,-0.5487748368510692,-0.0999569124386706,-0.7354728630497911,-0.6070343586664977,0.08851950677797231
2_vmclher282,1.985729612450732,0.2921563074017477,-0.7768197839697295,0.833902910541165,0.10590627975532263,-0.5680377785603837,-0.08884766801889299,-0.7500171497177585,-0.5958534268423075,0.0826113127844519
306_chemin vert,0.3677098639327902,0.23652922471731852,-0.6922344407766521,-0.3032513126369413,0.39545271331530785,-0.6258075926026546,2.350323799214276,1.8216075471358117,-1.9684492307623107,2.3510167954927814
307_plaine hagueneau,-1.1062206023524523,0.3569729554613825,-3.117048937759421e-4,-0.6676192529673278,0.5253293682178121,-0.4718273957515914,1.718373273049662,1.8409337163288257,-2.1487440100968005,2.065312267528624
309_sentier des colverts,1.3218829858887804,-0.7632116381000326,0.7540657279017635,-0.713203584599158,3.248619300371824,1.8932311514245863,-2.2276544814458608,2.3326577894092764,3.4936884502115104,-1.961692567826141
312_Parcours sportif 1,2.2821757801515226,-0.035474371795378885,0.9205871958051934,1.4531224540497674,1.155843155522795,-0.23075391331595874,3.7128966090528777,1.3611761794352748,-1.5515201074296268,1.8616500513345404
314_Goëlette Maria,-0.21188837861501275,-0.2809746402496864,-0.027057904742516792,-0.2644931356170118,0.9317981346386157,0.032901609281346895,1.0713241063356722,1.7345041392757719,-1.3825222134118131,1.1564767212936338
327_Transect 01 - BB W11 (G Ravissot),-1.1459746376174147,0.3648550284219895,0.04581289613037597,-0.38466197123106954,-2.176292991136318,0.14758281857971373,0.44360032323896326,-2.4816906171305964,0.3042502302444263,0.0653152822125735
327_Transect 03 - BB S01 (G Ravissot),-1.2573727322331205,-0.7398806305360068,-0.011650584589637388,1.0148400015299583,-2.1261374687694636,0.1547200511789842,0.3429864028657469,-2.360557658834148,0.36407507637726794,0.013863437054805021
327_Transect 06 - BB E08 (B Deltombe et Y Conan),-1.409297771858105,-1.2812020816965242,-0.07492886386657402,0.7012244447693692,-2.026723104991921,0.16447020967242504,0.20851835826586848,-2.1918872394669533,0.4579468633323764,-0.07490614289762423
327_Transect 08 - BB M01 (S Mullemans),-0.97364406085322,1.2282245308055855,0.12148816790735853,-0.6029317870967987,-2.121617755449561,0.15531622479129706,0.33438830063941705,-2.2832190087586275,0.46421302763541705,-0.05387335598095283
327_Transect 09 - BB B06 (B Foucard),-1.139408146152928,-0.18027008050164992,0.03966035877311118,0.9376857973078594,-1.9571574084526338,0.1824945809298761,0.06479966873486387,-2.1673837871830974,0.4497026225919096,-0.07678392115928849
327_Transect 16 - BB L08 (JP Rizzi),-1.2485869125136502,-0.5709101887241858,-0.005839112433097354,0.7160563126037187,-2.059904912508378,0.16365628733923465,0.22742189288938527,-2.2033696391788506,0.48081814283793833,-0.0794612769861245
327_Transect 17 - BB O06 (S Ravaut),-0.9524547082183948,0.9452512227235589,0.12470983904527766,0.26604776368951855,-2.162397083237735,0.15146007042600146,0.39677838474219684,-2.311828654575614,0.43223555175150924,-0.03532616431019543
332_Arènes prairie,-0.6936919212778997,3.023443751409913,0.2505616355448077,-1.8614764804913928,-2.6302179169352033,0.13315174247130745,0.8539346706600602,-2.7074590567422825,0.07579763242751424,0.18274346293384183
336_1,-0.7227637473170205,-0.4441293842540381,0.7053511790745853,-0.3993196771292151,-1.552376469143649,0.08097755335085799,-0.39034995042325826,-1.719990099380841,-0.25758916246451236,0.12497559661971688
336_2,-0.7720086448973855,-0.30756198642476495,0.7193663280233327,-0.5087168262920844,-1.5474934654496757,0.08918470446513245,-0.40368823112741814,-1.7240517357669585,-0.2513229356835254,0.1251201965418358
336_3,-0.7588147524290798,-0.36042398591057645,0.7319708448657648,-0.45821787238236233,-1.5545714575528242,0.08708029334289466,-0.4024363315329842,-1.7266461038481262,-0.25395388636781946,0.12636247190907118
338_Mairie Déville-lès-Rouen,-1.0666547717064019,0.19579123819455688,0.10144220378698172,-0.6290831714602072,0.5507200204993071,0.5178475485767494,-1.2908869439321793,0.8814102077862678,0.5826347870311993,-0.7688196868187402
339_STEP,-0.7409633702231033,2.2859147034303122,0.22876437690456405,-1.1242932098655871,0.46583117928265466,0.7082964189328461,-1.4003501734112058,0.6563271222356127,1.346742944884715,-0.7758738290562002
341_La renardière,2.7124672510689756,-0.6220028988039878,-0.9148807595739047,-0.1442926828900071,1.9639553102054548,-0.3286519854423214,-1.0281343557031872,1.075254669178441,0.01971122578478833,-0.5969698494037645
345_Jardin d'eau prairie,-1.1814268968382462,0.3156872716691689,0.032252768892093935,-0.6354556617858975,0.03178980940292004,-0.2639604649225763,1.8579699415097408,1.4645311369719907,-1.6854234559335304,2.249434147511679
34_10 reserve ornithologique,-1.331519436244404,-0.7323183040824198,-0.03828517823719027,0.23617856740736637,-1.9586590960596317,0.19721442676925524,-0.22095482431202135,-2.9111698036895524,0.0812468582688825,0.20548848902449648
34_11 prairie sud reserve ornithologique,-1.3635215681496222,-0.9566686251096966,-0.053339047669941186,0.4240939626983213,-1.9571321520732534,0.19702441683943578,-0.2199657967295997,-2.912544189374732,0.08319468342473998,0.20727339072187495
34_12 prairie allee royale,-1.3822189230982633,-1.0877460669973915,-0.0621343223400249,0.533884174690301,-1.9623312779921862,0.1950389374177017,-0.19714997085878117,-2.9331074547057674,0.0813890125815099,0.21471511811550417
34_13 prairie lac de gravelle fauchage retarde,-1.4103464139434283,-1.284933292507688,-0.07536555255643951,0.6990478136743029,-1.882928502870318,0.2059613549181111,-0.31543960561477596,-2.616350722493513,0.13649215643633325,0.11016862201337123
34_14 prairie lac de gravelle fauchage total,-1.4079639418437477,-1.2682310183596766,-0.07424483272371145,0.685058021128386,-1.8909580816828335,0.20500495899199153,-0.3037453544307759,-2.653598466313007,0.12332876218701648,0.12494872845516997
34_18 parc floral prairie derriere les tacots,-1.3666905529833564,-0.9788847314267536,-0.05482974472920872,0.4427021304124567,-1.8843384118668254,0.20875886820437836,-0.3803541782053382,-2.8391087527344214,0.07196396453087481,0.17609807984270984
34_22 prairie ouest esplanade Saint Louis,-1.1551281828259816,0.5042691347804809,0.04468963437544108,-0.7995846814337151,-1.9759211754351018,0.19549267003683032,-0.19734902355703707,-2.9443321299896676,0.06747365015349804,0.20703679235054673
34_26 Plaine Saint Hubert,-1.4103464139434283,-1.284933292507688,-0.07536555255643951,0.6990478136743029,-1.8945630327992498,0.20506501516715153,-0.3368662402232919,-2.8161734396771134,0.08430268907777283,0.18267274943047068
34_28 Allée Royale 2,-1.2983159659851242,-0.4995460239745959,-0.02266619674315055,0.04120895546765118,-1.9697825051343265,0.1960732283322705,-0.20306938109108258,-2.9255581844081875,0.07365319799882274,0.20583334901966738
34_31 prairie Daumesnil,-1.128032204653902,0.6942249608316501,0.057435638884242184,-0.9586913142068657,-2.013178128690818,0.18982026146499809,-0.11524309063840563,-2.965489563591163,0.06723950569745472,0.214353397495212
34_34 Bas roselière,-1.4103464139434283,-1.284933292507688,-0.07536555255643951,0.6990478136743029,-1.81765888490015,0.2144952035269738,-0.4644365142835055,-2.4885060343941086,0.19231248680365168,0.0636401755159462
34_5 plaine du bac prairie,-1.3521194842171311,-0.876734538274152,-0.0479754836646008,0.35714132605334586,-2.062566612475479,0.18715505176692124,-0.022462562581873086,-2.969745974831895,0.07950208161497406,0.22826838394597918
34_7 bis jardin agrnomie tropicale prairie,-1.4078925977857921,-1.2677308622340409,-0.07421127233040853,0.6846390913242043,-1.7818309547562163,0.2306954321218054,-0.6586456495346125,-2.586978500439111,0.13619066251853293,0.10358348022312595
34_7 jardin agronomie tropicale prairie,-1.4082753565107116,-1.2704141848034876,-0.07439132283098918,0.6868866371223198,-1.7820927889230143,0.23073459205004135,-0.6588778184278117,-2.5894732043415436,0.13450439695654226,0.10405964871532566
34_8 plaine de Fontenay,-1.4103464139434283,-1.284933292507688,-0.07536555255643951,0.6990478136743029,-1.7971018636048945,0.22385082081567434,-0.6211192268587927,-2.699201921668923,0.10585933155707014,0.13801514238131676
34_9 plaine nord fort neuf,-1.2796860540476014,-0.36894138999983345,-0.013902647405820827,-0.06818523353025112,-1.892940894738761,0.20523931091811015,-0.3792606770642955,-2.9107703676673506,0.06911956354286841,0.20185771249396936
34_PRAIRIE CALCAIRE,-1.4103464139434283,-1.284933292507688,-0.07536555255643951,0.6990478136743029,-1.8181306108911894,0.21231077262297482,-0.4539649274428786,-2.5703893654405254,0.15680303726241415,0.0965761585272715
34_RIVIERE SAULE TETARDS,-1.4103464139434283,-1.284933292507688,-0.07536555255643951,0.6990478136743029,-1.838860244308222,0.21038804470269207,-0.4068384551441181,-2.5560789946725024,0.16260463197660568,0.08910580374082222
350_domaine de Sceaux,-1.4103464139434283,-1.284933292507688,-0.07536555255643951,0.6990478136743029,-1.0864681889979864,0.36910675562950135,-1.0998566349538177,-1.8171439955068753,0.2568611855077831,-0.06244271366825303
359_prairie parc préfecture 01,-0.8369377818109704,-1.1822244191424605,0.019360891763762808,0.5322788482744102,-0.2790399344907472,-0.17775729399305507,-0.15355002343528104,0.9573664894044328,-0.1279543257685783,-0.3089123239852844
35_prairie dejeux,-0.3005869684558241,-0.7577873613942604,-0.5223916701126582,0.43053837985041526,0.7010829859494915,-0.8833715895573875,0.2932865744026149,1.1707218746424233,-1.306262495597409,0.2883504648355751
361_Val Caron Prairie,-1.1128672473913404,0.80053859769488,0.06456926633318788,-1.0477394109713178,-1.9090029691558976,0.15983685685328058,0.11354998686792828,-2.3863698556006927,0.14350715073901868,0.13612775117499665
364_Parc Nelson Mandela Prairie,-0.998816664275583,1.6000879843154636,0.11821889792769301,-1.7174404319169507,-1.8011645551654254,0.15612938577285904,0.013786025320549278,-2.198765568796987,0.26492820967423436,0.04371215249667014
376_Prairie côté Chateau,2.0904130881372454,0.38858932138393376,0.2792350212448257,-0.48640331979558155,1.1575252517253083,-0.4635700007803211,0.04901076404818103,1.7471337836408924,-0.10946591442734788,-0.22107620543562645
376_Prairie fauche tardive,2.4963443663718303,-0.23298525207548829,0.0027985314885507007,-0.7227585380170143,1.187403593929686,-0.4816760127272636,0.06266932520955057,1.721104632877076,-0.16262396188239212,-0.2261510537042425
379_Prairie du gîte Wallers-en-Fagne,1.8430041131105976,0.41494013922634787,-0.8249435052290272,-0.3863163318518035,2.974643462380237,0.025629509301850706,-1.3700295158341678,2.1631395286741446,2.045243024547954,-2.1628740515951157
382_Plaine Churchill Talus Lille,-1.164512457565107,0.4384808599065935,0.04027525201297047,-0.7444805495482362,-1.3823732262782478,0.006517371561958911,-0.188056166625512,-0.23178545465228584,-0.9214485233430828,0.1669722149565824
383_Boulevard Lorraine Lille,-1.0891808946012838,0.9665913115626149,0.07571137596812309,-1.186824843177129,-1.2537400148394584,-0.014043241113876096,-0.11566839351198233,0.18614053949501524,-1.1159459741790962,0.17539281512328933
383_Boulevard Moselle Lille,-1.0147109525856288,1.4886613863806757,0.11074219163654402,-1.6241097288407724,-1.148153046418777,-0.06595004654619062,-0.08582552633256406,0.23542689380327442,-1.1536543085953783,0.18643396468071996
385_T3 RNR Fel,3.1573434088264367,-1.0191188975399121,1.1075139044890496,-1.1819122546144611,3.1992117270349687,0.6104195386765371,-2.3184850236930163,2.528533111940977,1.9702175151980583,-2.360508230899867
386_T2 RNR Fel,3.1420990707292735,-0.9289773807259457,0.8600543092663843,-1.0235468414266162,3.195085449879317,0.6517142610453739,-2.376185722724202,2.5312835807264538,1.9386244659580876,-2.3565139185741013
396_Moulin des Gibets,-1.3496216636362262,-0.859223615850162,-0.04680050366630731,0.3424742112743425,-1.45882627981639,0.18720556137171007,-0.2605150983472857,-1.6931055650081621,0.6199748928936096,-0.23965802544311113
398_Chemin du Chasse-Marée,0.2200734287854355,-1.2673075793342132,0.5535266037370329,-0.10143035987834567,0.7445741252783694,0.4568921826685338,-1.3630004051745084,0.9546613005705686,0.43107698724113525,-0.7723768981503978
405_Bassin les longs vallons,1.7480296317374298,-0.7348833284489331,0.09391658875047922,-0.5980024077740371,2.0373303332243284,-0.1787629934496863,-1.1716963950570274,1.1066370509826615,-0.03216064750738688,-0.6007299825932443
405_Long Vallons 3F,1.6684182670927017,-0.6899415226023917,0.08774405343605168,-0.6083150213439765,2.033825742615563,-0.1775685579563126,-1.1750353204725088,1.100051400468544,-0.025715729138051827,-0.6017479376395185
406_Creaparc Isneauville,1.8219224180135,0.0587225809944894,-1.1526413696220608,-0.24589239780717864,1.8763707842828612,-0.126298435997475,-1.274522982894673,0.9921779388053499,0.057826535025664275,-0.5870114995496699
406_CréaParc 1F,1.9073191433120886,0.06371755506544714,-1.1408034864778098,-0.27765237895650874,1.8730298055744663,-0.13277717682857484,-1.265439974148054,0.9941284440020992,0.05456883311584416,-0.5853816654125662
409_La Villette Caudebec,-0.9310703717761383,-0.5470602140699322,-0.21145675452630133,0.1297447068154954,1.6463704028351553,0.3789863241287224,-1.1303632032842397,1.695346020559751,0.9740384983609683,-0.6684647936641194
411_Stade,1.3148038376282507,0.4583535353352465,0.8315836575091775,-1.2760865808238535,2.1735212882955888,0.829254206944181,-1.5662685388770243,1.281657202862842,0.8574780060219922,-0.9045004014896574
413_INSA,1.0257754028226589,0.41641298279412403,1.6528286420960685,-2.2609459873292974,-0.09544909411497177,0.6535469666980305,-0.7910797712148776,0.6316485344729442,0.9778375050184314,-0.7291278621161686
414_ESIGELEC,1.1786027261000582,0.19454854064394547,1.686766584204571,-2.1832625454729393,0.0012751253830415618,0.650476923576486,-0.8275994380910535,0.5946830178157767,0.9875448519031389,-0.7062237096628227
416_L'oison rue Galbois,0.7057012805959377,-1.010066135300491,-0.11771904484782414,0.1368794145493922,1.8028932933055568,0.21530111852781653,-1.2076260342500367,1.7051078863323255,0.8257147113235964,-0.573440625442928
420_prairie carteron,-0.5647117384530598,-1.0433474557218005,-0.3983595062426307,0.6804962607277074,1.6023382133654025,-1.0698017799998567,0.41458332538875725,2.191767847830576,-0.9415227684244694,-0.892237379025416
425_berges de la Deûle Lille,-1.0709797850924723,1.0941898344812855,0.08427321575080834,-1.2937011193643548,-0.92179397788303985,-0.15514442070544876,-0.028106308309254088,0.22854900376164167,-1.1787906922791296,0.20871579613780022
430_Réserve foncière Thomas Lemaître,-1.3097282987179173,-0.5795519598246002,-0.02803458180547715,0.10822177270827582,-1.3135888847254775,0.1500419026241129,-0.29871322755256124,-1.526452398723226,0.7289629257440489,-0.3005720891252676
431_Centre de Loisirs du Petit Nanterre,-0.548727959132142,3.2018342730589415,0.29735310759580097,-0.8920270818241346,-1.5408386403973713,0.1289039429310072,-0.26451971047525646,-1.7365867849514494,0.55157665775059,-0.15820777203244463
432_Jardin des Découvertes,-1.340341985414208,-0.7941686128176859,-0.042435323723110166,0.2879842664660364,-1.5492334342431904,0.20014981516187397,-0.22208352096692152,-1.8092352410407544,0.5451575314043314,-0.188103279224667
433_Théatre des Amandiers,-1.2633135430734599,-0.25416222141349726,-0.00620098417847765,-0.1643240433046583,-1.599025219441926,0.14873398553766806,-0.14312800038808346,-1.8849577013265089,0.5045676301457828,-0.12507228884444455
435_Cimetière Cornebarrieu_Ouest,1.8795063725590275,-0.572898730444354,-1.1594700249114747,0.3782212112651607,-0.09120888523327983,-0.38687170050876707,-0.1567260845196605,0.05974808181604003,-0.07257621960009027,-0.32714572179266804
436_Monplaisir,-1.2866851135880282,-0.4180081602835886,-0.017195019576077823,-0.027087001571843034,-1.4564944997539706,0.08442977066694597,-0.14515528283881432,-0.4888362560066449,-0.2273713298923547,-0.14594967826142713
437_Hippodrome,-1.3479379303507206,-0.8474198365192624,-0.04600847202558252,0.33258738851992564,-1.5968844084245797,0.20383126516646582,-0.07615580830345717,-0.9892858502813808,-0.053949163559389154,-0.18222033155419015
449_Bassin Saint-Jacques 01,2.7560754460663732,-0.5816693749073372,-1.206488724570024,0.048444855410604164,2.22192619044599,-0.5834903585504636,-0.8129522270471131,1.052537134871624,-0.524965030935838,-0.23721036492776107
449_Bassin Saint-Jacques 02,2.59874803551103,-0.5765527248451152,-1.2776345096497324,0.13472844974452342,2.278822881575892,-0.6100388098052568,-0.7923578345358552,1.064620421260033,-0.5276840737751539,-0.24119004922209888
44_GS Henry Wallon,-1.3196433678960604,-0.6490613587519038,-0.0326986509764475,0.16644271090908574,-1.8612853912733487,0.17025775014860556,-0.09183818641062783,-2.7195651259576485,0.10523347439770052,0.19847281369493228
44_GS Wallon,-1.3182451145249838,-0.6392589307884301,-0.03204090968144783,0.1582322161920165,-1.8613574732955063,0.1703339979148991,-0.09256358681729668,-2.721180946051308,0.10551716986080573,0.19804820392336203
450_Bassin Le-Houlme,1.588993450687535,-0.9113980440756377,1.0792181070049256,-1.1037252017711048,2.127068562253725,-0.39778041341393106,-0.8818113626510209,1.2581832091165577,0.40073025457231626,-0.7826923360435615
451_Bassin Fontaine-Sous-Préaux,2.7593256595805102,-0.9515305852446996,0.24710301514135827,-0.7109593615167362,2.0236045582866593,-0.550779676991981,-0.8107813998760633,1.12463795328326,0.022323429020344843,-0.5994616455068296
452_Locaux PPD Duclair,0.8827640284667639,0.16725877826858565,-0.258792978587733,1.0091644022513817,2.7633035505639505,0.3217109280512447,-0.14350244230554357,1.9554816847029115,0.15839117525659865,-0.7048838450284909
453_Réservoir Caudebec-lès-Elbeuf,1.2474420854649835,-1.2975913942244313,1.0605308768834472,-0.6749853370326695,1.6813380519175276,0.20618864125538564,-1.3297616326843449,1.8086992833532427,0.5493544447599514,-0.4825349026780792
453_Réservoir Caudebec-lès-Elbeuf 2,1.389576615870795,-1.3156134254323604,1.1676769762819563,-0.7774462080871916,1.6850714347183933,0.19368524976069434,-1.3279725339731105,1.8110876662534032,0.532606490548474,-0.4754568014462581
454_Bassin Ymare,2.205212533251768,-0.7961770917484199,-0.7218228900564218,-0.07160366124713484,1.9692081720268095,-0.3112137209681528,-0.5071111935567745,1.0404108828645289,0.7777761034749026,-0.504005717041312
455_Déchetterie Boos,2.5922130582855716,-0.4753835142157902,-1.3387285922242422,0.24297327146805378,2.07041776167879,-0.5463604904378234,-0.5539618151449719,0.869179820608432,0.4420078639155393,-0.4806183963809757
45_GS Kergomar,-0.8609852777244236,-0.9497871150332189,-0.257823208319467,0.5378781445855083,-1.8554153636768078,0.17934195813509407,-0.09228747207889644,-2.5267741322174078,0.1456169535766927,0.1278980766686961
465_Aqueduc 2,-1.2811813763552289,-0.5773296344303626,-0.01769984843449987,0.39619240372026954,-1.0614759277497947,0.21388522309243466,-0.5601896106748431,-1.0408213352535804,0.3474016739444156,-0.143357760773798
465_Aqueduc Du Bellay,-1.4103464139434283,-1.284933292507688,-0.07536555255643951,0.6990478136743029,-1.1238984648696257,0.109951714727641,-0.4362106014534436,-1.1616830380123713,0.4294380828481926,-0.14741224024300917
465_Aqueduc rue des carriers,-1.2588182668863808,-0.2233658238663879,-0.004074702040835254,-0.19018695303419517,-0.9216835439107287,0.23294950566347156,-0.5124981422614476,-0.7544681276832306,0.2024817842503536,-0.1074353322170715
465_Cascade des lacs,-0.7018724578395367,1.6323919261521345,0.2258640996360181,1.256870954999409,-0.9913594880837693,0.332083022008174,-0.684278465229346,-1.1224798013532569,0.4140494806508953,-0.1944421354751111
465_Plaine Duparchy,-1.40861461557981,-1.2727925538849296,-0.07455091100296503,0.6888787544682659,-1.1046762975195739,0.11093228268309656,-0.45231347731141147,-1.1401370527533692,0.39600255395813005,-0.13214484526233547
465_Plaine de l'Arbalète,-0.6201882578937593,1.8415155895407809,0.25860568250555643,1.614086560561443,-0.7949284484673428,0.42707373535952337,-0.7815036194632227,-0.8996511886041896,0.2770933011107619,-0.14719442365548185
465_Plongée,-0.268565167487007,3.075124132559102,0.36462120853448515,1.861113825061188,-0.889641477627217,0.3927285423443599,-0.8296473014049619,-1.0920201364621087,0.40239851165410623,-0.19651512882371464
465_Prairie du quad,-0.0012990078223226197,3.6410113696818844,0.37096069510288643,2.0128299538885073,-0.8148873682461898,0.427809763529378,-0.9027413915148408,-1.0723964507288435,0.3673613439592139,-0.1815778383728362
465_Pre aux boeufs,-1.2120293313251724,-0.20340426492507,0.013096316421553908,0.2453529520173179,-1.1078625463266525,0.22970862278529736,-0.4042986987875492,-1.2711727642106287,0.5093559159559864,-0.22096613542578816
465_Pre aux boeufs 2,-1.3323147528986614,-0.7390088444040958,-0.03867672714768203,0.24341544999119366,-1.1253925065676753,0.18496372496819796,-0.37484290324577396,-1.2554803778782193,0.49845401836169495,-0.20758249371657503
465_Rond point Gordini,-1.2697944664552694,-0.527664233556653,-0.012814941237406303,0.3987654168846191,-1.0685439739501605,0.2520483757995774,-0.5341515903127994,-0.818057504812944,0.2520944701457097,-0.15805406834419716
465_ST Clement,-1.217165443360681,-0.3564165443256488,0.008851161872211695,0.5448703684598718,-1.039138228347493,0.2455170428530294,-0.5826415102672099,-1.0544089067634157,0.34862578544500306,-0.15145062514681898
467_Eglise Saint Louis Arques,0.17507476533462796,-0.34660645009833835,-0.7266781003200781,0.10971191906964378,1.942026278132725,-0.5599544357949094,-0.18429443889093206,2.2322190512030753,-1.7427554382144443,0.13094946969359175
46_GS Langevin,-0.4415548056410607,-1.000136901840291,-0.4355246271344146,0.681736307923741,-1.7317096353663466,0.18301827029563722,-0.26769244027044586,-2.4795281423413,0.16608890644564908,0.1391024461455413
475_Parc Matisse Talus Lille,-1.0144243787801697,1.490670406449812,0.11087699655088545,-1.6257924801678514,-1.7350867287649916,0.15315411247754146,-0.27143678000687316,-0.08880622359667376,-0.9180377561573917,0.11587655367410815
47_GS A.France,-0.9471954443986733,0.14333507873490242,-0.061025193159789035,-0.11601326189173677,-1.8172935836113688,0.2173249189967421,-0.09877517440306226,-2.381065170737927,0.16890820395147504,0.0703283531992853
47_GS Anatole France,-0.9476712235385387,0.14522085728343892,-0.06077871501069713,-0.12017354802513344,-1.8167630725196398,0.2173020058137035,-0.09900760398147995,-2.382712851899943,0.16908667319992732,0.07031250134513695
480_Pature du bois joli,1.2910368414848845,-0.5338777089232175,-1.3279785303361855,0.38870410779783876,1.9525689887685553,-1.459060208792416,0.5475263775614682,0.9167659807661113,-1.360316302781765,0.4269065985753297
481_Site des serres communales,1.3669901949028875,-0.15300238481361378,-1.2884511616673815,0.10296461220891097,1.981641368721444,-1.4909750839341624,0.5898987543551981,1.117053013092125,-1.4391944794228784,0.420441175186461
482_Chemin de la messe - Montmain,2.3498939562218717,-0.8204569256309027,-0.5600921391097653,-0.1969283026632507,2.6729017383759945,-1.2063933404873464,-0.12891825045801864,1.6596517284548467,0.025366841949514215,-0.6607732297387703
484_Jardin de la Béchade,-0.806983758260007,2.8216609166103406,0.19135467330959247,-2.7384672015510167,-1.8125613058994154,0.09880607471998998,0.11095673057046204,-0.8581976817714783,0.34789310026920234,-0.332447161734221
485_ANCA Sempin prairie 2,-0.49703690875082746,-0.6713854177123645,0.25552339081018816,-0.057804038825211124,-0.43649500819082987,0.18551475734689093,-0.7096650976709192,-1.0379708557581346,0.23249759889294308,-0.2610893956992953
486_ANCA Sempin prairie 1,-0.4783983550513041,-0.6728990582769272,0.2438373062432215,-0.05685428483237301,-0.41936093900415333,0.18356041433447506,-0.7106626968346081,-1.0293456512166177,0.224043530290885,-0.2570811746147608
487_PAM prairie humide,-1.2735443157813577,-1.0610848840385272,-0.10907000822355244,0.5293078698129652,-0.9254843907660166,0.23478034276064605,-0.704484429222395,-1.222956007461215,0.2818088843953752,-0.21860225919189946
489_Parc des Berges du Nord,0.15239089721180357,4.570888360064932,0.3995918226261177,0.9110257863236164,-0.3229720103449574,-0.19327158010301254,0.6765973719022067,-0.15414072664272946,-0.4238349042507461,-0.09809710739444372
48_terre plein Allende,-0.8590141246738422,1.6080176442905667,0.1687849033394231,-0.30036519302111825,-1.7504561136885037,0.18271949978447244,-0.2812169264897646,-2.5342973946838456,0.220608578602759,0.0915083057108482
493_Berges du Lac,-0.4341591693401665,3.2508282346855113,0.34775807945985937,0.2796432968487435,-0.8391070611351898,-0.07509371657184719,0.8637578515255873,-0.6503403628373867,-0.07897144876987365,-0.23679844469051023
499_Prairie,-1.0462033966558149,1.1962538252729242,0.09480830252177624,-1.274287109670395,-1.3974192252465663,0.27920921944580857,-0.3417013455598252,-1.5021913034079961,0.5463190058610488,-0.23878501330420127
49_prairie audigeois,-1.2825195521106367,-1.0207342861994806,-0.09447119673222507,0.4992407021023694,-1.8529244166539427,0.16927829218821466,-0.07745874203687576,-2.615997672907758,0.12248362664411705,0.1625915691037271
504_Prairie fleurie chateau sainte barbe,-1.4026654426338776,-1.2310859930776779,-0.07175240767118185,0.6539454197423122,-1.4125822154177494,0.34976993189830174,-0.8561259973551699,-1.9731290401813886,0.3687614663021583,-0.06375746562211654
505_Du Barry 1,-1.2399650080437339,-0.09107489805096483,0.004772880580688324,-0.300051180454424,-1.6295549654762482,0.12413302153257791,-0.11794597973439029,-0.9915258346561228,0.02759046288798211,-0.15104017186762528
509_Du barry 2,-1.244492879136666,-0.1222203242713996,0.0026522952961931068,-0.2748383213469943,-1.6336201116238416,0.12449244463442528,-0.11383307111332498,-0.9887322543639031,0.026110847831391438,-0.1514136429080148
50_Prairie Stade Léo Lagrange Lens,-1.0262074534198433,0.07873857091005484,-0.03945800488242484,-0.41095124025040924,-0.3075730410895614,-0.07539826877749702,-0.15082583584413886,0.5916883497598768,-0.9571394239591452,0.26872031996637435
512_Plateau - T1,-1.3225386647087929,-0.6693587805402269,-0.034060604621192876,0.1834437921701919,-1.3682937286848182,0.15965830333540393,-0.7509462145031417,-1.479542038369495,0.715736308874241,-0.32948786616010334
513_square malleret joinville soweto prairie fleurie,-1.4103464139434283,-1.284933292507688,-0.07536555255643951,0.6990478136743029,-1.6751335722403409,0.2916155500984314,-0.35376405251278087,-2.1325426095148488,0.5106104548213098,-0.11503858550039174
515_Prairie fauche tardive,2.5028903070435904,0.17489811742955988,-1.5833103471705596,-0.027623550156251758,3.2275378643131556,-1.4450507154927092,0.3982926268923335,2.339273681162,-0.7117828167791271,-0.9867061176228794
51_Promenades des squares bas,-0.17162611569194866,2.5261259208082687,2.3716007128498227,3.9820017321680905,-0.15101341403997243,-0.48492566432076206,4.363591633142646,1.7297525835543752,-2.0014328541422137,2.6160809555012388
524_Grande prairie,-0.6901915799327617,0.19175029947197916,-0.04822470284159866,1.3595182153666103,-0.6269610033025591,0.29116963021399284,-0.8185303198242129,-0.6218475687338947,0.5887734947489792,-0.42705558531715143
527_Bocage 2,-1.3448107559339506,-0.8254968413141771,-0.04453744267344688,0.31422473010668256,-0.9449761729431211,-0.2122166787544732,-0.19832299441580578,-1.0472972295622394,-0.29403357226049803,0.058886892091182655
527_Foret 1,-1.2512695847801023,-0.1697282869007372,-5.354811382836953e-4,-0.23504574366722147,-0.9784134420331496,-0.260844061224021,-0.07260462168287543,-1.030497135675586,-0.34695064071168763,0.08713875175693302
527_Foret 2,-1.191914536678566,0.24637911918109984,0.02738525698446255,-0.5835765027912773,-0.9420187844473367,-0.2773024352442657,-0.06536364706159929,-0.9824163668185287,-0.36811756226565856,0.09041383169380086
527_Foret 3,-1.1076497845093713,0.8371155193819876,0.06702357172846621,-1.078376169884284,-0.903491616422668,-0.29339865909400037,-0.06086750773422685,-0.9333974050495305,-0.40460787369707807,0.09643195430704135
527_Foret 4,-1.3114402125996623,-0.5915532986753361,-0.028839869657306026,0.11827407093468457,-1.0130811548456415,-0.24760531835059896,-0.07886750341496064,-1.0359301294607262,-0.325085855126426,0.07690701629308527
527_Foret 5,-1.121651019065619,0.7389601378350427,0.060437361861844695,-0.9961614120053052,-0.9215236903905059,-0.28243199771153793,-0.06870513726749677,-1.0510896754094836,-0.38217836027533614,0.09066896491443499
527_Foret 6,-1.1871357552846065,0.2798806728597536,0.029633205695048227,-0.6116373394041206,-0.9784223570977707,-0.25554955163455695,-0.08349181467296415,-1.1295532151527272,-0.3403876718368363,0.08526504271291611
527_foret 7,-1.2029617008645148,0.1689331903005149,0.022188647966351567,-0.5187079424405171,-0.9485769317729386,-0.27450350830608655,-0.0660421407880816,-0.9908317781609848,-0.3634726325107298,0.0890534736575404
527_foret 8,-1.2312461592587154,-0.029354453148228144,0.008883579888279466,-0.3526225955180483,-0.9661118305498828,-0.2670464821012424,-0.06965947147019144,-0.9869453004644937,-0.355233689505757,0.08610288312726568
527_puits d enfer 1,-1.2076509363052041,0.13605939677929027,0.019982821858496074,-0.4911729165222654,-0.9529973211670023,-0.27544067896883667,-0.06371660732280203,-0.9182691224415342,-0.3644262731987176,0.08146218588626111
527_puits d enfer 2,-1.249559619723625,-0.15774061025149644,2.6888998208465743e-4,-0.2450865984600629,-0.97471457416437,-0.2680024430963643,-0.06735713582946135,-0.9300432204416682,-0.3439640530133458,0.07211550099976455
527_puits d enfer 3,-1.2927460797397001,-0.4604984451774297,-0.020046110664440925,0.008502778934335303,-0.9996270905417459,-0.2532996972793583,-0.08208420570909061,-0.9775173377563778,-0.32212175788570424,0.06712066483455245
532_prairie fleurie Noe,-1.3856781662842224,-1.111997023826765,-0.06376155753209883,0.5541967292608002,0.7779270412369675,-0.3249967139458196,-0.35233363732923173,0.6497239036394044,0.22017896394682226,-0.5249702487007729
542_bocage 1,-1.3526204533539998,-0.8802465726290529,-0.0482111405889142,0.3600829992413077,-0.9875818734896589,-0.21861946118363143,-0.16666865950942594,-1.069949092903138,-0.2811994990632482,0.05678795562095254
54_Etang de malhôve berge Arques,1.3288847677391924,-0.28108126176710924,-0.48121778140350335,-0.23647967156804467,1.8578470687583706,-0.6256927620373686,-0.12630364581749803,2.2449167221294886,-1.6884457002798259,0.14254810518230915
54_Prairie Malhôve,1.2266904761624062,-0.2818230038303812,-0.5106663242208934,-0.18972572250030187,1.8592246583515961,-0.6217461201959272,-0.13242330173140257,2.244986862910119,-1.69015741740918,0.14228022445986319
56_Belvédère des Glissoires,-1.1939355740101791,-0.1788312194413928,-0.025104766622592537,-0.2134457925488084,-0.15438068803751676,-0.25810933749650805,-0.1035704388725146,0.9392880161350895,-1.0303662468109496,0.2452321668347229
56_Belvédère glissoire Lens,-1.1955554183383659,-0.1765596286646921,-0.02415803576440093,-0.21581180445043444,-0.15429147846287375,-0.2583558477306825,-0.10281026313439358,0.9390763754436798,-1.0301336086656467,0.2451299851446422
582_glacis fort de noisy,-1.253407467714852,-1.1808211061720282,-0.12643982462755862,0.6457110509401943,-1.971854425475313,0.21177053642501784,-0.3830969643716338,-2.7567679065177044,0.1214184539029625,0.17497865673989127
586_RD 40,1.3613637362426971,-0.29243646714739086,-1.329802679675818,0.19088257969915348,-0.6804068559855384,-0.33299920942801653,-0.2581000576597649,-0.0608239392907158,-0.6047888549274949,0.09225349497600492
58_Chemin coeur joyeux Arques,0.5694887740849346,-0.2522277856920243,-0.6526194514263695,0.03000430597164286,1.6332588605865277,-0.664432406818949,0.0035661501221868554,2.2887738550780687,-1.553480379974551,0.017584071088086406
593_1,-1.0367062759265226,0.6386366921680927,0.08951787887144445,0.10690680238466599,-1.8285796990455687,0.16613274304989106,-0.14045877013444338,-2.187932430530243,0.2304623301331721,-0.01597994546463504
593_2,-0.9282304266777011,1.4037658919764304,0.14061801404174307,-0.5407905151465122,-1.7991815456170592,0.1679445236586119,-0.17082422366854236,-2.124788813857949,0.2717621937942229,-0.04928680395694071
593_3,-1.0025006471182603,0.8807190317943147,0.10564398994456417,-0.09920646607702818,-1.827685586653281,0.16580455784663417,-0.13523056482143667,-2.203970289482145,0.2321851365601624,-0.013629563450945658
595_vmclher079,0.2377843119636006,-0.04574751326948245,-0.5206684749901062,1.1499865069406308,-0.23144747494167386,-0.42220876547505876,-0.13301275898173154,-0.7017149992411353,-0.647792143794733,0.10438727558600944
5_Noue sauvage,-0.8120163989238933,2.1027548013494948,0.19347620264281842,-0.9567798664715826,-2.3396250509274674,0.1596469106385902,0.4191541708918966,-2.748452389790297,0.07040120429677882,0.23829155055333534
5_Prairie fleurie,-0.788063892338132,2.2413452026520586,0.20428503238789408,-1.0299118441827577,-2.3251356160684913,0.1607499786915859,0.3996495633807307,-2.7376710159613276,0.07332227029898089,0.23226381744483343
60_Base nautique Arques,1.621785741625856,-0.03028879717922987,-1.1823029312396671,0.07308094824255061,1.7714736070245647,-0.5740638921132446,-0.12236197977732075,2.255455196288718,-1.662489890313435,0.10578501407541961
619_espace animalier,1.9493721232843297,-0.895152438536388,-0.024424514835022868,-0.2694580522184681,3.0038876651882678,-0.7846811152738605,-0.6226087965643573,1.745974109926739,0.03377917888314869,-0.9192001744144384
620_lagunage,2.317687685926455,-0.6533480203995059,-0.5017178719749453,-0.058027897367264894,2.961170613920311,-0.7572081504863313,-0.6631195635508397,1.7447343341193202,0.0682232312067628,-0.9092499074378667
624_prairie fleurie,0.8691331655638743,0.10779082792103845,-0.23271655149014808,-0.4997964752651502,0.06992130702801196,-0.18579820414762604,-0.08498557463436925,0.7028386969847064,-0.4548715849437873,-0.6793429555227914
625_Prairie Amelioree 2,-1.3518564484900266,-0.8748905314438473,-0.04785175111129132,0.3555967894961916,-0.9829487527724744,-0.2079823374322463,-0.19100191612055176,-1.0767456131709336,-0.28069388139205,0.057482622233371174
625_pfba1,-1.2401017946886654,-0.09143671246439487,0.004717870556746441,-0.3006226151011062,-0.9685790496364793,-0.2706240890304779,-0.06649472617431765,-0.9182912258763721,-0.34819864218896124,0.07276291132819479
625_pfba2,-1.2652423014693304,-0.26768374449762183,-0.00710827614092416,-0.15299844170242066,-0.9866862875321867,-0.26241391785064305,-0.07007044972125917,-0.94760328247296,-0.3385526862482436,0.07158326295401286
625_pfba3,-1.3181886225511072,-0.6388628949083155,-0.03201433573939758,0.15790049730425024,-0.9935781508050574,-0.24428014966227535,-0.11064574650267946,-1.0082259482979592,-0.3026019626403647,0.06056625317405257
625_pfba4,-1.3295473528402866,-0.7184930518737035,-0.03735750610072132,0.2245985628773875,-0.9262590698464056,-0.24284353856212998,-0.16180160496872584,-0.9915366655933512,-0.314154201158841,0.06216381380980326
62_terre saint-roch,0.39839364821702683,0.07247726375095688,-0.7317667040981224,-0.16087312604542414,0.35746547669226153,-0.6480666918462581,2.6306865752626654,1.7951967955429642,-1.9609377054968298,2.4068786130971875
62_tir à l'arc,1.0910181220817532,0.737602865578647,-0.8411570614757297,-0.7866466727848508,0.7393152695003263,-0.7304659820068008,2.706142569476435,1.6253217063676424,-2.0559787691533016,2.1511379566461053
633_1,-1.0165344316385423,1.4758779220752574,0.1098844232960717,-1.6134023238451343,-1.8296463416555582,0.2230733267081652,-0.5942932857818134,-2.5575483957476712,0.09554861151838298,0.1641441943367015
633_6,-1.231016233256805,-0.027742561400083764,0.008991737557968503,-0.3539727129309935,-2.301079564995193,0.17753448876334854,0.14246922339017545,-2.7969098118702322,0.048092792647872105,0.22542682678554923
636_Prairie Amelioree 1,-1.3420023851340097,-0.8058088126416999,-0.04321637920597942,0.29773407534163576,-0.9229220947260712,-0.19475426859631992,-0.2163543582500099,-1.0479693459824269,-0.2980503472506739,0.05757919353024774
63_vieux-fort côté leroy merlin,0.599986114589867,0.7780917895520678,-0.7311112360031735,-0.3239448142796974,0.45304888948437,-0.7311657444479611,3.3442820656288,1.6782480551322145,-1.9189401216433029,2.5112833291762353
642_01 Les fontanettes,3.0255796081336834,2.2027661032818453,13.476412261567557,8.746492068452904,4.2562841710261905,18.66994878319361,6.179062410227086,3.5737957661099142,12.063112084580874,12.063864912297635
643_biotope des alisiers,-1.329467345450319,-0.7179321616281094,-0.037319870458014784,0.22412876229170944,-1.6792782787478169,0.21691501260388316,-0.7545092606645295,-1.9568349936571952,0.3294455443752742,-0.10697604896594767
643_biotope des mares,-1.3409681627643595,-0.7985584169076964,-0.0427298788514638,0.2916611578876622,-1.6903485541075756,0.21879369444329372,-0.7505906266472995,-2.111840144938792,0.30085109457780984,-0.07044167633911622
643_boulodrome,-1.353024999856545,-0.8830826379882384,-0.048401440105422314,0.36245848210490283,-1.6918736436506148,0.21961052296494896,-0.7525754955204762,-2.1411049383757654,0.2902767332218072,-0.06098828378933123
64_vieux-fort arriere,0.5050336999880798,0.33349455397281635,-0.7497893998956011,0.005959887063791968,0.35670915772626904,-0.7173408598518044,3.5382771366601955,1.6812400887797452,-1.9227133815874027,2.552055058280708
65_vieux-fort pâture à bovin,0.4341285215980361,0.22406743525732814,-0.7596837259691442,-0.32434342678464684,0.35999547907458224,-0.7061832600007312,3.1410897729747678,1.7259661058238474,-1.9308844632019861,2.4904105601821662
663_Prairie sèche,0.9007989911947668,-1.1446892402366358,0.3742030727296856,-0.2027273061011123,0.8542207796241226,0.6361396399435131,-1.725536599329811,0.26213410149303407,0.24684114203031407,-0.4278346677565991
66_fort risban,-0.19408104708595553,2.908143621089689,1.963034543700786,3.0105441739187344,-0.16598630006800702,-0.4203042224965383,4.442277862205452,1.72506317706213,-2.040488490381635,2.5867579444889772
68_Plaine Laloux,-1.0290497697126912,-0.8806086433032734,0.28830803999650845,0.1472819385745454,-0.22434674514765973,-0.3367793186585052,-0.0813295541951405,0.6080082945740262,-0.7976695674966103,0.31645437534682935
69_Plaine Molière,-1.3880218770937733,-1.12842756270696,-0.0648640439733022,0.5679589168715765,0.08380913862071589,-0.3856779934831856,0.01287667632202818,0.8481935102333678,-0.7817918506326199,0.24516179770891441
69_Plaine molière Lens,-1.3881777832349973,-1.1295205396666623,-0.06493738254651678,0.5688743922606286,0.08331830053284896,-0.3854469007264815,0.012892140945405589,0.8483480592687451,-0.781965430960236,0.2451016374979732
70_Sous bois stade Leclerc Lens,-1.2026756709950719,-0.8802209308890022,-0.12352004443664336,0.37848383420201936,0.10603666709609523,-0.41166694853886776,0.040136338804032244,0.7757704791240174,-0.7404700797565436,0.25697936499267404
70_Sous bois stade Leclercq,-1.1910218131863375,-0.8668816469518734,-0.127522643213487,0.36850893074463076,0.10698090255443259,-0.4124425359833975,0.04097107695345899,0.7756684062283783,-0.7402496571933858,0.25715824669317783
71_Cavalier 11/19 ouvert,-0.16638289513173316,-0.19141598351060501,-0.5367191638349571,-0.06874168728771897,0.15278240814259936,-0.5077962180216277,0.048591362882262304,0.6664010272056091,-0.7151074514579169,0.2991404778778616
71_Cavalier du 11/19 ouvert,-0.16190537002053532,-0.21081362677752843,-0.5405476002473936,-0.05023301730381154,0.15435884571683917,-0.5075922044513641,0.050643911067010834,0.6684815046326219,-0.7138625079978356,0.2975355815341867
720_Transect 1 - Prairie Aire nature,0.9354814250900858,-0.462035792240722,-1.1394267166309167,0.28358554388325485,3.1041720453270925,-2.1615701186963507,1.0045052567861772,2.401221192986378,-2.1461220123378175,0.34508482149760744
727_Prairie du mémorial,-1.4103464139434283,-1.284933292507688,-0.07536555255643951,0.6990478136743029,-1.0431302515261087,0.3841310929515137,-1.1297039250387702,-1.7748207390898436,0.25537766717708066,-0.08671699129641557
729_1,-1.2686705643222604,-0.29171751430704124,-0.008720938119882522,-0.1328678025600779,-1.9206975014046856,0.22765385971236698,-0.0647843640150996,-2.19758586987238,-0.05956834737193137,0.11826550261214383
72_Cavalier 11/19 prairie Lens,-0.13878710302513061,-0.4295305530373449,-0.5725462105855723,0.15191936676424728,0.15091869372300246,-0.4818013160334153,0.06683748869632924,0.6933610300688698,-0.7156007766517409,0.27949785003200883
72_Prairie du 11/19,-0.1330375878572051,-0.41997531987633485,-0.5740600533276043,0.1445143249502249,0.15285458312437025,-0.48351242273049966,0.06765980284963402,0.6908285578833971,-0.7147525932395772,0.27947477316683783
739_prarie till,-0.9445152400208551,-1.0587195292728664,-0.23734980191513413,0.6129136140618401,-1.8739407451011731,0.1758087317026073,-0.09402503885555122,-2.5841241555828036,0.12680353826605448,0.16023971178769902
75_vieux parc du grand blottereau,-0.2534150144344031,1.1487745778777199,-0.11518646109037448,0.5189083394762648,-0.7407582285777732,-0.11625118447800682,0.2823770226376591,0.13578792566885692,-0.32109704938697903,-0.5159495465986428
76_archipel eraudiere,-0.46821583375605136,1.1058097856266744,0.16425565095926495,0.2293813737930433,-0.7650724120821287,0.09082235337493866,-0.20484292011921554,0.31053889744998153,-0.3889069900095729,-0.6020280839604748
76_carriere val d erdre,-0.6125895116236424,0.8547264554680704,0.21869393271120352,0.29985903168450506,-0.8033106290023241,0.08957103703976838,-0.15041354334060714,0.2873451092722141,-0.36142508728663036,-0.609735700192386
76_leo lagrange,-1.1361327595863973,-0.4522196150724611,0.046001888454760484,1.137814825101163,-0.9481798505343066,0.08030090021164207,0.026228003615339317,0.16522856318904927,-0.22884546645305207,-0.6529598009714105
76_val d Erdre,-0.9354343613219551,0.3291918683879035,0.14967451620520378,0.4695651919823761,-0.8527289769945595,0.07247840535461238,0.02034507811553342,0.23994001366072482,-0.30497011220943476,-0.6265078852013131
773_Jardin audigeois,-1.2783474016427103,-1.0344308331556769,-0.09789339549274231,0.5121730369310854,-1.8529208657586838,0.16921596550661705,-0.07627373076511343,-2.613201040285546,0.12298103947780357,0.16133324411681438
77_Facultes,-1.186660139880305,-0.4946800155753016,0.018048841050940588,1.159145333903235,-0.9752977122799378,0.08018546366831164,0.0010811730532652717,0.1431759720845521,-0.20423695818073312,-0.6656045146620817
77_lande hypodrome Petit Port,-1.3784024740994716,-1.286975756894842,-0.05665638666216401,0.6793750204743855,-0.7279204997007227,0.07702614072184909,-0.2400529858277528,0.15994010582727444,-0.23956408533368123,-0.630002834418422
78_promenade de Sevre,-0.49099239750637785,-1.0146701075430138,-0.417145651529148,0.6826197168514567,-0.3830837151093449,-0.17044563683664846,0.06859332282103374,0.4562496766778339,-0.3086636186291694,-0.7129894310984739
79_Promenade de l'Aubinière,-0.06514027910242828,-0.025655304116485454,-0.5108793454766514,-0.13183162332240003,-0.14372556207790993,-0.24329493911272979,0.47464768514876515,0.4280978645333104,-0.4104643730095166,-0.510369995894709
79_parc bottière chenaie,-1.1219469600181975,-0.2396623589765602,-0.0654793921975866,-0.1473747978700719,-0.6243766182453832,-0.06475937086947244,0.3330561446622753,0.21348046020597614,-0.32490335491098105,-0.5426196333339345
79_parc du croissant,-1.3665390488541724,-0.9778226146865338,-0.054758476871617126,0.44181250348359996,-0.8825874326291032,0.003944505921468401,0.29187090081311257,0.10901446966544737,-0.2362475592995893,-0.6020752458200785
800_Passerelle,-1.3864658383401847,-1.1175189833994206,-0.06413208010607627,0.5588219119265748,-1.6307049165403424,0.16216869908198403,-0.023579968282348755,-0.8953751171219035,0.2587445845907714,-0.5611095880257001
808_GS kergomard,-0.8430080726279516,-0.9818936731627678,-0.26919482257698274,0.5701471116262249,-1.8574276340604425,0.18001673107300137,-0.09138669642847956,-2.5265841568842973,0.1446566264578644,0.12854667600256964
80_terrasse ccas,-1.03245819997435,1.3642446549953233,0.10239384953946712,-1.519898515092411,-1.3383112284840655,0.09247822585198744,-0.01756582359340154,0.06615274667409206,-0.06599642433594378,-0.732787409357938
827_allende,-0.8586069356659571,1.6101268838586429,0.1689647940324578,-0.3010403225242649,-1.750178939836459,0.18269634786754096,-0.28123144675064154,-2.532166353248865,0.22152580346281817,0.09058108482880722
83_cimetiere gaudiniere parc,-1.4103464139434283,-1.284933292507688,-0.07536555255643951,0.6990478136743029,-0.7221132196806622,-0.026404358982875076,-0.2975800065442722,0.13232251909334122,-0.1723565674754627,-0.6544802578455342
83_lisiere futaie derriere le chateau,-1.4103464139434283,-1.284933292507688,-0.07536555255643951,0.6990478136743029,-0.6811598976624099,-0.031424714840728576,-0.323756032266554,0.1355111100471735,-0.1880890278511711,-0.6381999886989869
83_valle du cens le long du ruisseau vers le camping,-1.2932416844096606,-0.868258776969672,-0.026599332286544746,0.9421181607927214,-0.9789398066051744,0.05520399333655699,0.006982366504292714,0.07964161987344769,-0.15788818966731863,-0.6869469544356747
84_parc des dervallieres,-1.4103464139434283,-1.284933292507688,-0.07536555255643951,0.6990478136743029,-1.271336062726518,0.050000591465963376,0.06686075702997867,0.19157861478889454,-0.054332778190878527,-0.7856489535516333
84_val de chezine,-1.4103464139434283,-1.284933292507688,-0.07536555255643951,0.6990478136743029,-1.2233098473942454,0.05365744205423912,0.06534139394006125,0.2307894984468302,-0.07151508355150775,-0.7934016511187565
84_vallon de la chezine,-0.9975413710696448,-1.1635806865888922,-0.2288304266825377,0.6916713285640601,-0.9570724284410895,0.06357821194381921,-0.013193187810076754,0.2829847160379875,-0.1316990751276511,-0.7838539147156872
85_jardin familial angle chailloux,0.7135975180935569,-0.9912482973483228,-0.23218949253682636,0.18466005658897172,0.22781412767979867,-0.13299836426896255,-0.3146762731133586,0.2366730387890232,-0.331758346961428,-0.6435828361749798
87_GREPAR6VNPB4,-1.257254556185389,-0.21168581210849075,-0.0033508241398302937,-0.19990220164444625,-0.26851983793483064,0.25981829064879863,-0.71641278138573,1.34363613797447,1.7611633565514748,-1.1410340155327894
87_GREPAR6VNPB7,-1.3112067559879967,-0.5899166556564208,-0.02873005118144222,0.11690322190517842,-0.3171049877526262,0.2909189610593439,-0.7297566670177378,1.3497858817280206,1.7500647820300812,-1.1484065595962978
87_GREPAR6VNPGBPINS,-1.2875190765132352,-0.4238546410914642,-0.017587317471261806,-0.022190000546650233,-0.2897666147354012,0.2716107957701964,-0.7179610678621063,1.3438530391416943,1.7501102056436877,-1.1470514066329862
898_Parc arboré,-0.8990500756623206,2.29949970630552,0.16514930878854348,-2.3032663385039513,-2.415307473536234,0.16241399748054813,0.43597913695458235,-2.8174035813159337,0.03851497303421711,0.26067666642578824
903_Prairie centrale,1.5977857798100863,-1.4772703338246427,1.6864598365398138,-1.1535214953967958,2.0431699666439336,1.0537942732069085,-2.5848481461055046,1.9566439892206446,2.662655297300127,-1.6067064607012544
911_Montpellas Haut,-1.0735883214331168,-0.08586020775792011,0.06488464050598806,1.396106653919883,-1.0707180730806938,0.12316823744957978,-0.15588937148040538,-0.615734591638595,0.04557037161135582,-0.3717974928636776
919_La plaine,-1.0724031908827534,1.0842110759739654,0.08360364270548212,-1.2853429305245536,-1.6480208259441622,-0.07789509546019276,0.2165298313036467,-0.7706662922241968,-0.6359340093174732,0.15294432536659985
91_GREPAR5JDINPAR,-1.1479949908859357,-0.11804271665322992,0.03753492907093891,0.7062726470878182,-0.269296830651366,0.4453836396533595,-0.5338740676502316,1.3163718023052358,1.7457788185724885,-1.3408711015343675
92_GRECHSMH0300,-0.8110430589783233,1.1296995214187104,0.0697992761439102,-0.12499659660720008,0.25409744429298076,0.28153378739815677,-0.719728633757989,1.0798979401215367,1.6255503095716635,-1.3551915762996085
959_Avenue magasins généraux,-0.8756821915657977,2.4633198016138658,0.17614161008742518,-2.440481733719396,-2.4196764054366904,0.16283328815314696,0.43436197350121775,-2.817103999375374,0.03910653794149257,0.2604963940674077
96_Ribaute,0.7078830638031688,0.895337571650072,-0.8237083954971077,-0.8889765067766812,-0.2211195022448209,-0.4395429505948343,-0.09289757304265224,0.09929239346421477,-0.5805582962990309,-0.10782401890116246
98_skate parc Argoulet,-0.8462322599270252,-0.5258381047374026,-0.21069389684302237,0.17188153802727388,-0.6079331095335634,-0.2550101313033715,-0.08260201314287359,-0.20480838882600638,-0.3555364690777721,-0.15551396484679864
990_PTO vélodrôme,-1.0092313159201143,0.5464178804397771,0.09798946654918315,0.6012843901255956,-1.680833402072244,0.10758155746141031,0.18437386913079754,-0.9194150542619215,-0.0616259720660699,-0.143034193515899
